hostname,st_spectype
11 Com,G8 III
11 UMi,K4 III
14 And,K0 III
14 Her,K0V
16 Cyg B,G3 V
17 Sco,K3 III
18 Del,G6 III
1RXS J160929.1-210524,K7 V
24 Boo,G3 IV
24 Sex,K0 IV
24 Sex,K0 IV
2MASS J04372171+2651014,M V
2MASS J01033563-5515561 A,M5.5/M6
2MASS J01225093-2439505,M3.5 V
2MASS J02192210-3925225,M6
2MASS J0249-0557 A,M6 V
2MASS J03590986+2009361,M4.75
2MASS J04414489+2301513,M8.5
2MASS J11011926-7732383,M7+M8
2MASS J11550485-7919108,M3
2MASS J12073346-3932539,M8
2MASS J19383260+4603591,sdB+dM
2MASS J21252752-8138278,M1Ve
2MASS J22362452+4751425,K7 V
2MASS J22501512+2325342,M3
4 UMa,K1 III
47 UMa,G0V
47 UMa,G0V
47 UMa,G0V
51 Eri,F0 IV
51 Peg,G5V
55 Cnc B,M4.5 V
55 Cnc B,M4.5 V
55 Cnc,G8 V
55 Cnc,G8 V
55 Cnc,G8 V
55 Cnc,G8 V
55 Cnc,G8 V
6 Lyn,K0 IV
61 Vir,G5 V
61 Vir,G5 V
61 Vir,G5 V
7 CMa,K1III(+M)
7 CMa,K1III(+M)
70 Vir,G5V
75 Cet,G3 III
75 Cet,G3 III
8 UMi,K0
81 Cet,G5 III
91 Aqr,K0 III
AB Aur,A0Ve
AB Pic,K2 V
AF Lep,F8
AT2021ueyL,M V
AU Mic,M1 V
AU Mic,M1 V
AU Mic,M1 V
AU Mic,M1 V
BD+03 2562,K2
BD+05 4868 A,K V
BD+14 4559,K2 V
BD+15 2375,G5
BD+15 2940,K0
BD+20 2457,K2 II
BD+20 2457,K2 II
BD+20 274,K5 III
BD+20 594,G
BD+37 3172,K2
BD+42 2315,K0
BD+45 564,K1
BD+48 738,K0 III
BD+48 740,K3 III
BD+49 828,K0
BD+55 362,K3
BD+60 1417,K0
BD+63 1405,K0
BD-06 1339,K7/M0 V
BD-06 1339,K7/M0 V
BD-08 2823,K3 V
BD-08 2823,K3 V
BD-10 3166,K0 V
BD-11 4672,K7V
BD-11 4672,K7V
BD-13 2130,G5 IV/V
BD-14 3065 A,
BD-17 63,K5 V
BD-210397,K7 V
BD-210397,K7 V
BEBOP-3,G5
BEBOP-4 A,G3 V
Barnard's star,M3.5-4 V
Barnard's star,M3.5-4 V
Barnard's star,M3.5-4 V
Barnard's star,M3.5-4 V
CD Cet,M5.0 V
CD-35 2722,M1 V
CFBDSIR J145829+101343,T8+Y0
CFHTWIR-Oph 98 A,M9-L1
CHXR 73,M3.5
CI Tau,K7
COCONUTS-2 A,M3 V
CT Cha,K5e
CoRoT-1,G0 V
CoRoT-10,K1 V
CoRoT-11,F6 V
CoRoT-12,G2V
CoRoT-13,G0 V
CoRoT-14,F9 V
CoRoT-16,G5 V
CoRoT-17,G2 V
CoRoT-18,G9 V
CoRoT-19,F9 V
CoRoT-2,G7V+K9V
CoRoT-20,G2 V
CoRoT-20,G2 V
CoRoT-21,F8 IV
CoRoT-22,G3 V
CoRoT-23,G0 V
CoRoT-24,K1 V
CoRoT-24,K1 V
CoRoT-25,F9
CoRoT-26,G5
CoRoT-27,G2
CoRoT-28,G8/9 IV
CoRoT-29,K0 V
CoRoT-3,F3 V
CoRoT-30,G3 V
CoRoT-31,G2 IV
CoRoT-32,G0 VI
CoRoT-35,F6 V
CoRoT-36,F3 V
CoRoT-4,F0V
CoRoT-5,F9 V
CoRoT-6,F9 V
CoRoT-7,G9 V
CoRoT-7,G9 V
CoRoT-7,G9 V
CoRoT-8,K1 V
CoRoT-9,G3 V
DE CVn,M3V+DA
DENIS-P J082303.1-491201,L1.5
DH Tau,M0.5
DMPP-1,F8 V
DMPP-1,F8 V
DMPP-1,F8 V
DMPP-1,F8 V
DMPP-2,F5 V
DMPP-2,F5 V
DMPP-2,F5 V
DMPP-3 A,K0 V
DMPP-4,F5-F8 V
DMPP-6,
DMPP-6,
DMPP-7,G1 V
DMPP-8,
DMPP-9,
DP Leo,
DS Tuc A,G6 V
EPIC 201170410,
EPIC 201238110,
EPIC 201427007,
EPIC 201497682,K5
EPIC 201595106,
K2-166,G0
K2-16,K3 V
EPIC 201757695,
K2-50,K5V
EPIC 201841433,K3
K2-168,
EPIC 206024342,
EPIC 206024342,
EPIC 206024342,
EPIC 206032309,M2V
EPIC 206042996,K5V
EPIC 206042996,K5V
EPIC 206215704,M4V
EPIC 206317286,K1V
EPIC 206317286,K1V
EPIC 211822797,M0
EPIC 211945201,G0
EPIC 212297394,
EPIC 212297394,
EPIC 212424622,
EPIC 212499991,
EPIC 212587672,
EPIC 212587672,
EPIC 212624936,
EPIC 212624936,
EPIC 212737443,K3
EPIC 212737443,K3
EPIC 220492298,
K2-282,G8
EPIC 220674823,G5 V
EPIC 220674823,G5 V
EPIC 228836835,
EPIC 229004835,
EPIC 246851721,F5 V
EPIC 248847494,G9
EPIC 249893012,G8 IV/V
EPIC 249893012,G8 IV/V
EPIC 249893012,G8 IV/V
FU Tau,M7.25
G 192-15,M5.0 V
G 192-15,M5.0 V
G 196-3,M3.0V
G 261-6,M5.5 V
G 264-012,M4.0 V
G 264-012,M4.0 V
G 268-110,M5.0 V
G 9-40,M2.5 V
GJ 1002,M5.5 V
GJ 1002,M5.5 V
GJ 1061,M5.5 V
GJ 1061,M5.5 V
GJ 1061,M5.5 V
GJ 1132,M4.5 V
GJ 1132,M4.5 V
GJ 1148,M5
GJ 1148,M5
GJ 1151,M 4.5V
GJ 1214,M4 V
GJ 1252,M3
GJ 1265,M4.5 V
GJ 1289,M4.5 Ve
GJ 143,K4.5
GJ 15 A,M1
GJ 15 A,M1
GJ 160.2,M0 V
GJ 163,M
GJ 163,M
GJ 163,M
GJ 179,M3.5 V
GJ 180,M3
GJ 180,M3
GJ 180,M3
GJ 2030,G5/6V
GJ 2030,G5/6V
GJ 2056,M0V:
GJ 2126,M0 V
GJ 229,M1.5V
GJ 229,M1.5V
GJ 238,M2.5 V
GJ 251,M3.0 V
GJ 251,M3.0 V
GJ 27.1,M0.5 V
GJ 273,M3.5
GJ 273,M3.5
GJ 3021,G6 V
GJ 3082,M4
GJ 3090,M2 V
GJ 3090,M2 V
GJ 3138,M0
GJ 3138,M0
GJ 3138,M0
GJ 317,M3.5 V
GJ 317,M3.5 V
GJ 3222,K0V
GJ 328,M0.0
GJ 328,M0.0
GJ 3293,M2.5
GJ 3293,M2.5
GJ 3293,M2.5
GJ 3293,M2.5
GJ 3323,M4
GJ 3323,M4
GJ 3341,M2.5
GJ 338 B,M0 V
GJ 341,M1
GJ 3470,M1.5
GJ 3473,M4
GJ 3473,M4
GJ 3512,M5.5 V
GJ 3512,M5.5 V
GJ 357,M2.5 V
GJ 357,M2.5 V
GJ 357,M2.5 V
GJ 3634,M2.5
GJ 367,M1.0 V
GJ 367,M1.0 V
GJ 367,M1.0 V
GJ 3779,M4.0 V
GJ 3929,M3.5 V
GJ 3929,M3.5 V
GJ 393,M2.0 V
GJ 3942,M0
GJ 3988,M4.5 V
GJ 3998,M1
GJ 3998,M1
GJ 3998,M1
GJ 411,M1.5 V
GJ 414 A,K7 V
GJ 414 A,K7 V
GJ 422,M3.5 V
GJ 4274,M4.5 V
GJ 4274,M4.5 V
GJ 4276,M4.0
GJ 433,M2V
GJ 433,M2V
GJ 433,M2V
GJ 436,M2.5 V
GJ 463,M3.0 V
GJ 480,M3.5 Ve
GJ 486,M3.5 V
GJ 504,G0 V
GJ 508.2,M1.0 V
GJ 514,M0.5-1.0 V
GJ 536,M1 V
GJ 536,M1 V
GJ 581,M3.0 V
GJ 581,M3.0 V
GJ 581,M3.0 V
GJ 625,M2
GJ 649,M1.0
GJ 667 C,M1.5 V
GJ 667 C,M1.5 V
GJ 667 C,M1.5 V
GJ 667 C,M1.5 V
GJ 667 C,M1.5 V
GJ 674,M2.5
GJ 676 A,M0
GJ 676 A,M0
GJ 676 A,M0
GJ 676 A,M0
GJ 680,K5
GJ 682,M3.5 V
GJ 682,M3.5 V
GJ 685,M0.5
GJ 687,M3.0V
GJ 687,M3.0V
GJ 720 A,M0.5 V
GJ 724,M1.0 V
GJ 740,M1.0 V
GJ 806,M1.5 V
GJ 806,M1.5 V
GJ 832,M2/3 V
GJ 849,M3.5
GJ 849,M3.5
GJ 86,K1V
GJ 876,M2.5V
GJ 876,M2.5V
GJ 876,M2.5V
GJ 876,M2.5V
GJ 887,M1 V
GJ 887,M1 V
GJ 887,M1 V
GJ 887,M1 V
GJ 896 A,M3.5 V
GJ 900 A,K7
GJ 9066,M5.0 V
GJ 9404,M2V
GJ 96,M2
GJ 9689,M0.5
GJ 9714,K5V
GJ 9773,M3.0 V
GJ 9827,K7 V
GJ 9827,K7 V
GJ 9827,K7 V
GPX-1,F2
GQ Lup,K7e V
GSC 06214-00210,K7
GU Psc,M3
Gaia-1,
Gaia-2,
Gaia-4,M1.3
Gaia-5,
Gaia22dkvL,
Gl 378,M1
Gl 410,K
Gl 49,M1.5 V
Gl 686,M1.0 V
Gl 725 A,M3
Gliese 12,M3.0 V
HAT-P-1,G0 V
HAT-P-11,K4
HAT-P-11,K4
HAT-P-12,K4
HAT-P-13,G4
HAT-P-13,G4
HAT-P-14,F5 V
HAT-P-15,G5
HAT-P-16,F8
HAT-P-17,K
HAT-P-17,K
HAT-P-18,K2
HAT-P-19,K1
HAT-P-2,F8
HAT-P-2,F8
HAT-P-20,K3
HAT-P-21,G3
HAT-P-22,G5 V
HAT-P-23,G0
HAT-P-24,F8
HAT-P-25,G5
HAT-P-26,K1
HAT-P-27,G8
HAT-P-28,G3
HAT-P-29,F8
HAT-P-3,K1
HAT-P-30,F7
HAT-P-31,
HAT-P-32,
HAT-P-33,F4
HAT-P-34,F8
HAT-P-35,
HAT-P-36,G5 V
HAT-P-37,
HAT-P-38,G5
HAT-P-39,F4
HAT-P-4,F
HAT-P-40,
HAT-P-41,
HAT-P-42,
HAT-P-43,F9
HAT-P-44,
HAT-P-44,
HAT-P-45,F5
HAT-P-46,
HAT-P-49,F3
HAT-P-5,G
HAT-P-50,F5
HAT-P-51,G7
HAT-P-52,K1
HAT-P-53,
HAT-P-54,K7
HAT-P-55,G2
HAT-P-56,F8
HAT-P-57,A8 V
HAT-P-58,
HAT-P-59,
HAT-P-6,F8V
HAT-P-60,
HAT-P-61,
HAT-P-62,
HAT-P-63,
HAT-P-64,
HAT-P-65,G2
HAT-P-66,G0
HAT-P-67,F5
HAT-P-68,K
HAT-P-69,A7V(Sr)
HAT-P-7,F6 V
HAT-P-70,
HAT-P-8,F6
HAT-P-9,F7
HATS-1,
HATS-10,
HATS-11,G0
HATS-12,F
HATS-13,
HATS-14,
HATS-15,G9 V
HATS-16,G3 V
HATS-17,G V
HATS-18,G V
HATS-2,K
HATS-22,K V
HATS-23,G V
HATS-24,F V
HATS-25,G
HATS-26,F
HATS-27,F
HATS-28,G
HATS-29,G
HATS-3,F
HATS-30,G
HATS-31,
HATS-32,
HATS-33,
HATS-34,
HATS-35,
HATS-36,G0 V
HATS-37 A,
HATS-38,
HATS-39,
HATS-4,G
HATS-40,
HATS-41,
HATS-42,
HATS-43,
HATS-44,
HATS-45,
HATS-46,
HATS-47,
HATS-48 A,
HATS-49,
HATS-5,G
HATS-50,
HATS-51,
HATS-52,
HATS-53,
HATS-54,G6 V
HATS-55,
HATS-56,
HATS-57,
HATS-58 A,
HATS-59,
HATS-59,
HATS-6,M1 V
HATS-60,
HATS-61,
HATS-62,
HATS-63,
HATS-64,
HATS-65,
HATS-66,
HATS-67,
HATS-68,
HATS-69,
HATS-7,K2
HATS-70,
HATS-71,M3 V
HATS-72,
HATS-74 A,
HATS-75,M0.5V
HATS-76,M1.5V
HATS-77,
HATS-8,
HATS-9,
HD 100508,K1 IV
HD 100546,B9 Vne
HD 100655,G9 III
HD 100777,G8 V
HIP 56998,K4/5V
HIP 56998,K4/5V
HD 10180,G1 V
HD 10180,G1 V
HD 10180,G1 V
HD 10180,G1 V
HD 10180,G1 V
HD 10180,G1 V
HD 101930,K1 V
HD 102117,G6 V
HD 102195,K0 V
HD 102272,K0
HD 102329,K0 III
HD 102329,K0 III
HD 102365,G3/5V
HD 102843,K0 V
HD 102888,G8 III
HD 102956,G5
HD 103197,K1 V(P)
HD 103720,K3 V
HD 103774,F5 V
HD 103891,F9
HD 103949,K3 V
HD 104067,K2V
HD 104067,K2V
HD 10442,K0 IV
HD 104985,G9 III
HD 105618,G0
HD 105618,G0
HD 105779,G2
HD 106252,G0
HD 106270,G5 IV
HD 106315,F5 V
HD 106315,F5 V
HD 10647,F9 V
HD 106515 A,G5 V
HD 106906,F5 V
HD 10697,G3 V
HD 107148,G5 V
HD 107148,G5 V
HD 108147,F8 V CH+0.4
HD 108202,K4/5 V
HD 108236,G3 V
HD 108236,G3 V
HD 108236,G3 V
HD 108236,G3 V
HD 108341,K2 V
HD 108863,K0
HD 108874,G5
HD 108874,G5
HD 109246,G0 V
HD 109271,G5 V
HD 109271,G5 V
HD 109286,G4 V
HD 109749,G3 V
HD 10975,K0 III
HD 109833,G3V
HD 109833,G3V
HD 109988,K0IV/V
HD 110014,K2 III
HD 110067,K0.0 V
HD 110067,K0.0 V
HD 110067,K0.0 V
HD 110067,K0.0 V
HD 110067,K0.0 V
HD 110067,K0.0 V
HD 110082,F8 V
HD 110113,G
HD 110113,G
HD 110537,G6/8 V
HD 11112,G3V
HD 111232,G8 V
HD 111232,G8 V
HD 111591,K0 III
HD 111998,F6 V
HD 112300,M1 III
HD 112570,K0 III
HD 112640,K0 III
HD 113337,F6 V
HD 113337,F6 V
HIP 8541,K2 III/IV
HD 113538,K9 V
HD 113538,K9 V
HD 113996,K5 III
HD 114082,F3 V
HD 114386,K3 VC
HD 114386,K3 VC
HD 114729,G0 V
HD 114783,K0
HD 114783,K1 V
HD 11505,G5V
HD 11506,G0 V
HD 11506,G0 V
HD 11506,G0 V
HD 115404 A,K2V
HD 115404 A,K2V
HD 115954,G0 V
HD 116029,K0
HD 116029,K0
HD 117207,G7 IV-V
HD 11755,G5
HD 117618,G2 V
HD 118203,K0 IV
HD 118203,K0 IV
HD 11964,G9 V CN+1
HD 11964,G9 V CN+1
HD 11977,G8 III/IV
HD 120084,G7 III
HD 121504,G2 V
HD 12235,G2IV
HD 12235,G2IV
HD 122562,G5
HD 124330,G4 IV
HD 12484,F8
HD 125271,K3+Vk:
HD 125390,G7 III
HD 125595,K4 V
HD 125612,G3 V
HD 125612,G3 V
HD 125612,G3 V
HD 12648,G5
HD 126525,G4 V
HD 12661,K0
HD 12661,K0
HD 126614,G8 IV
HD 127506,K3V
HD 128311,K0
HD 128311,K0
HD 128356,K3 V
HD 128717,F8
HD 129445,G6 V
HD 130322,K0 V
HD 131496,K0
HD 13167,G3 V
HD 13189,K2
HD 132406,G0 V
HD 132563,F8
HD 133131 A,G2 V
HD 133131 A,G2 V
HD 133131 B,G2 V
HD 134060,G3 IV
HD 134060,G3 IV
HD 134606,G5IV
HD 134606,G5IV
HD 134606,G5IV
HD 134606,G5IV
HD 134606,G5IV
HD 134987,G5 V
HD 134987,G5 V
HD 135344 A,A0 V
HD 135625,G3 IV/V
HD 135694,K0
HD 135872,G5IV
HD 136118,F7 V
HD 136352,G4 V
HD 136352,G4 V
HD 136352,G4 V
HD 136418,G5
HD 136925,G0
HD 13724,G3/5V
HD 137388,K2 IV
HD 137496,G
HD 137496,G
HD 13808,K2 V
HD 13808,K2 V
HD 13908,F8 V
HD 13908,F8 V
HD 13931,G0
HD 139357,K4 III
HD 1397,G5 III/IV
HD 14067,G9 III
HD 140901,G7 IV
HD 140901,G7 IV
HD 141004,G0Vvar
HD 141399,K0
HD 141399,K0
HD 141399,K0
HD 141399,K0
HD 141937,G2/G3 V
HD 142,F7V
HD 142,F7V
HD 142,F7V
HD 142022 A,G9 IV-V
HD 142245,K0
HD 142415,G1 V
HD 143105,F5
HD 143361,G6 V
HD 143811 A,
HD 144899,G2V
HD 145377,G3 V
HD 145457,K0
14 Her,K0V
HD 145934,K0
HD 1461,G0 V
HD 1461,G0 V
HD 147018,G9 V
HD 147018,G9 V
HD 147379,M0.0 V
HD 147513,G3/5V
HD 14787,G5
HD 147873,G1 V
HD 147873,G1 V
HD 148156,G0/2 V
HD 148164,F8
HD 148164,F8
HD 149026,G0
HD 149143,G0
HD 149806,K0V
HD 150010,K2 III
HD 1502,K0
HD 150706,G0 V
HD 151450,G2V
HD 151450,G2V
HD 152079,G6 V
HD 152581,K0
HD 152843,G0
HD 152843,G0
HD 15337,K1 V
HD 15337,K1 V
HD 153557,K0
HD 153557,K0
HD 153557,K0
HD 153950,F8 V
HD 154088,K0 IV-V
HD 154345,G8
HD 154391,K1 III
HD 154672,G3 IV
HD 154857,G5 V
HD 154857,G5 V
HD 155193,F8 IV
HD 155358,G0
HD 155358,G0
HD 155918,G2V
HD 155918,G2V
HD 156098,F6V
HD 156098,F6V
HD 156279,G6
HD 156279,G6
HD 156411,F8 IV/V
HD 156668,K2
HD 156668,K2
HD 156846,G0 V
HD 158038,K0
HD 158259,G0
HD 158259,G0
HD 158259,G0
HD 158259,G0
HD 158259,G0
HD 158996,K5 III
HD 15906,K V
HD 15906,K V
HD 159243,G0 V
HD 159243,G0 V
HD 159868,G5 V
HD 159868,G5 V
HD 1605,K1 IV
HD 1605,K1 IV
HD 160691,G3 IV-V
HD 160691,G3 IV-V
HD 160691,G3 IV-V
HD 160691,G3 IV-V
HD 161178,G9 III
HD 16141,G5 IV
HD 16175,G2
HD 162020,K3 V
HD 163607,G5
HD 163607,G5
HD 16417,G1 V
HD 164509,G5
HD 164595,G2 V
HD 164604,K3.5 V
HD 164604,K3.5 V
HD 164922,G9 V
HD 164922,G9 V
HD 164922,G9 V
HD 164922,G9 V
HD 165131,G3/5 V
HD 165155,G8 V
HD 1666,F7 V
HD 166724,K0 IV-V
HD 167042,K1 IV
HD 167677,G5 V
HD 167768,G8 III
HD 168009,G2V
HD 168443,G5
HD 168443,G5
HD 168746,G5
HD 168863,K2/3(III)
HD 1690,K1 III
HD 16905,K3 V
HD 169142,F1VekA3mA3_lB?
HD 169830,F8 V
HD 169830,F7 V
HD 170469,G5 IV
HD 17092,K0 III
HD 171028,G0
HD 171238,G8 V
HD 17156,G5
HD 173416,G8
HD 174205,K2
HD 175167,G5 IV/V
HD 175541,G8 IV
HD 175607,G6 V
HD 17674,G0 V
HD 176986,K2.5 V
HD 176986,K2.5 V
HD 176986,K2.5 V
HD 177565,G8V
HD 177830,K0
HD 177830,K0
HD 178911 B,G5
HD 179079,G5 IV
HD 179949,F8 V
HD 180053,K0
HD 18015,G6 IV
HD 180314,K0
HD 180617,M2.5 V
HD 180902,K0 III/IV
HD 181234,G8 IV
HD 181342,K0 III
HD 18143,K2
HD 18143,K2
HD 181433,K3 IV
HD 181433,K3 IV
HD 181433,K3 IV
HD 181720,G1 V
HD 183263,G2 IV
HD 183263,G2 IV
HD 183579,G2 V
HD 184010,K0 III-IV
HD 184010,K0 III-IV
HD 184010,K0 III-IV
HD 18438,M2.5 III
HD 185269,G0 IV
HD 185283,K3 V
HD 18599,K2 V
HD 187085,G0 V
HD 187123,G3 V
HD 187123,G3 V
HD 18742,G8/K0 IV
HD 188015,G5 IV
HD 188641,G2V
HD 189567,G3 V
HD 189567,G3 V
HD 189733,K2 V
HD 190007,K4 V
HD 190228,G5 IV
HD 190360,G
HD 190360,G
HD 190647,G5 V
HD 190984,F8 V
HD 191806,K0
HD 191939,G9 V
HD 191939,G9 V
HD 191939,G9 V
HD 191939,G9 V
HD 191939,G9 V
HD 191939,G9 V
HD 192263,K2 V
HD 192310,K3V
HD 192310,K3V
HD 192699,G8 IV
HD 194490,G2/3V
HD 195019,G3 IV-V
HD 196050,G3 V
HD 196067,G0 V
HD 196067,G0 V
HD 19615,K0
HD 196885 A,F8 V
HD 197037,F7 V
HD 199509,G3V
HD 19994,F8 V
HD 20003,G8 V
HD 20003,G8 V
HD 200964,G8 IV
HD 200964,G8 IV
HD 202206,G6 V
HD 202696,K0 III-IV
HD 202696,K0 III-IV
HD 202772 A,
HD 203030,G8 V
HD 20329,G5
HD 203387,G7IIIFe-1.5
HD 203387,G7IIIFe-1.5
HD 2039,G2/G3 IV/V
HD 204313,G5 V
HD 204313,G5 V
HD 204313,G5 V
HD 204941,K1/2V
HD 205158,G0V
HD 205739,F7 V
HD 206255,G5 IV/V
HD 206610,K0 III
HD 206893,F5 V
HD 206893,F5 V
HD 207496,K2.5 V
HD 20781,K0 V
HD 20781,K0 V
HD 20781,K0 V
HD 20781,K0 V
HD 20782,G1.5 V
HD 207832,G5 V
HD 207832,G5 V
HD 207897,K0 V
HD 20794,G6 V
HD 20794,G6 V
HD 20794,G8
HD 20794,G6 V
HD 208487,G2 V
HD 208527,M1 III
HD 20868,K3/4 IV
HD 208897,K0
HD 209458,G0 V
HD 210193,G3 V
HD 210277,G0 V
HD 210702,K1 IV
HD 211403,F7 V
HD 211810,G5
HD 211970,K7 V
HD 212301,F8 V
HD 212771,G8 IV
HD 213240,G0/1 V
HD 213472,G5
HD 213519,G5
HD 213885,G
HD 213885,G
HD 21411,G8 V
HD 214823,G0
HD 215152,K3 V
HD 215152,K3 V
HD 215152,K3 V
HD 215152,K3 V
HD 21520,G2/3V
HD 215497,K3 V
HD 215497,K3 V
HD 216435,G0 V
HD 216437,G1 V
HD 216520,K2
HD 216520,K2
HD 216536,K0
HD 216770,G9 V CN+1
HD 21693,G8 V
HD 21693,G8 V
HD 217107,G
HD 217107,G
GJ 143,K4.5
HD 217786,F8 V
HD 217786,F8 V
HD 217958,G3V
HD 218566,K3V
HD 219077,G8 V+
HD 219134,K3 V
HD 219134,K3 V
HD 219134,K3 V
HD 219134,K3 V
HD 219134,K3 V
HD 219134,K3 V
HD 219139,G5 III
HD 219415,K0 III
HD 219666,G5 V
HD 219828,G0 IV
HD 219828,G0 IV
HD 220074,M2 III
HD 220197,G5
HD 220689,G3 V
HD 220773,F9
HD 220842,F8
HD 221287,F7 V
HD 221416,K0 IV/V
HD 221420,G2 IV-V
HD 221585,G8 IV
HD 222076,K0 III
HD 222155,G2 V
HD 222237,K3 V
HD 222582,G5 V
HD 224018,G V
HD 224018,G V
HD 224018,G V
HD 224538,F8/G0 IV/V
HD 224693,G2 V
HD 22496,K5/M0V
HD 22532,G8 III/IV
HD 22781,K1
HD 22946,F7/F8V
HD 23079,F9.5 V
HD 23079,F9.5 V
HD 23127,G2 V
HD 231701,F8 V
HD 233604,K5
HD 233832,G0
HD 23472,K4 V
HD 23472,K4 V
HD 23472,K4 V
HD 23472,K4 V
HD 23472,K4 V
HD 235088,K V
HD 23596,F8
HD 238090,M0.0 V
HD 238914,K7
HD 240210,K3 III
HD 240237,K2 III
HD 24040,G0 V
HD 24040,G0 V
HD 24064,K0
HD 24085,G0 V
HD 25015,K2 V
HD 25171,F8 V
HD 25463,F8
HD 25463,F8
HD 25723,K1 III
HD 25912,G3/5V
HD 25912,G3/5V
HD 260655,M0 V
HD 260655,M0 V
HD 26161,G0
HD 2638,K1 V
HD 2685,F2III/IV
HD 27442,K1/2III
HD 27631,G3 IV/V
HD 27894,K2 V
HD 27894,K2 V
HD 27894,K2 V
HD 27969,G0 V
HD 28109,F8
HD 28109,F8
HD 28109,F8
HD 28185,G5
HD 28185,G5
HD 28192,G0V
HD 28254,G5 V
HD 284149 A,
HD 28471,G5 V
HD 28471,G5 V
HD 28471,G5 V
HD 285507,K4.5 V
HD 285968,M2 V
HD 28678,G8 IV
HD 29021,G5
HD 290327,G8 V
HD 29399,K1 III
HD 2952,K0 III
HD 29985,K6V
HD 30177,G8 V
HD 30177,G8 V
HD 30562,G2 IV
HD 30669,G9 V
HD 30856,K0 III
HD 31253,F8
HD 31527,G2 V
HD 31527,G2 V
HD 31527,G2 V
HD 3167,K0 V
HD 3167,K0 V
HD 3167,K0 V
HD 3167,K0 V
HD 32518,K1 III
HD 32963,G5 IV
HD 330075,K1
HD 331093,K0
HD 33142,K0 III
HD 33142,K0 III
HD 33142,K0 III
HD 332231,F8
HD 33283,G3/G5 V
HD 33564,F6 V
HD 33844,K0 III
HD 33844,K0 III
HD 34445,G0 V
HD 34445,G0 V
HD 34445,G0 V
HD 34445,G0 V
HD 34445,G0 V
HD 34445,G0 V
HD 35759,G0
HD 35843,G5V
HD 35843,G5V
HD 360,G8 III
HD 36384,M0 III
HD 3651,K0 V
HD 37124,G4 V
HD 37124,G4 V
HD 37124,G4 V
HD 37605,K0
HD 37605,K0
HD 3765,K2V
HD 38283,F9.5 V
HD 38529,G4 IV
HD 38529,G4 IV
HD 38801,K0
HD 39091,G0 V
HD 39194,K0 V
HD 39194,K0 V
HD 39194,K0 V
HD 39855,G8 V
HD 40307,K2.5 V
HD 40307,K2.5 V
HD 40307,K2.5 V
HD 40307,K2.5 V
HD 40307,K2.5 V
HD 40956,K0
HD 40979,F8 V
HD 41004 A,K1/K2 V
HD 41004 B,M2 V
HD 4113,G5 V
HD 42012,K0
HD 4203,G5
HD 4203,G5
HD 4208,G7 V Fe-1 CH-0.5
HD 42618,G4 V
HD 4308,G5V
HD 4313,G5
HD 43197,G8 V
HD 43197,G8 V
HD 43691,G0
HD 44219,G3 V
HD 45184,G1.5 V
HD 45184,G1.5 V
HD 45350,G5 V
HD 45364,K0 V
HD 45364,K0 V
HD 45652,G8/K0
HD 457,G0V
HD 46375,K1 IV-V
HD 47186,G6 V
HD 47186,G6 V
HD 4732,K0 IV
HD 4732,K0 IV
HD 47366,K1 III
HD 47366,K1 III
HD 47536,K1 III
HD 4760,K2
HD 48265,G5 IV/V
HD 48265,G5 IV/V
HD 48948,K3 V
HD 48948,K3 V
HD 48948,K3 V
HD 4917,K0 III/IV
HD 49674,G5 V
HD 50499,G1 V
HD 50499,G1 V
HD 50554,F8 V
HD 51608,G7 V
HD 51608,G7 V
HD 52265,G0V
HD 5278,F V
HD 5278,F V
HD 5319,G5
HD 5319,G5
HD 55696,G0 V
HD 5583,K0
HD 5608,K0 IV
HD 564,G2/G3 V
HD 56414,A1mA3-A7
HD 56957,G3V
HD 5891,G5
HD 59686 A,K2 III
HD 60292,K0 III
HD 60532,F6 IV
HD 60532,F6 IV
HD 6061,G0
HD 62364,F7 V
HD 62364,F7 V
HD 62509,K0IIIvar
HD 62549,G2/3V
HD 63433,G5 V
HD 63433,G5 V
HD 63433,G5 V
HD 63454,K4 V
HD 63765,G9 V
HD 63935,G5
HD 63935,G5
HD 64114,G7 V
HD 64121,G8/K0 III
HD 6434,G2/3 V
HD 65216,G5 V
HD 65216,G5 V
HD 66141,K2 III
HD 66428,G8 IV (+ G)
HD 66428,G8 IV (+ G)
HD 67087,F8 V
HD 67087,F8 V
HD 68402,G5 IV/V
HD 68475,K2 VC
HD 6860,M0 III
HD 68988,G2 V
HD 68988,G2 V
HD 69123,K1 III
HD 69830,K0V
HD 69830,K0V
HD 69830,K0V
HD 70573,G1-1.5 V
HD 70642,G6 V
HD 7199,K1 IV
HD 72490,G5
HD 72659,G2 V
HD 72659,G2 V
HD 72892,G5 V
HD 73256,G8 IV
HD 73267,K0 V
HD 73267,K0 V
HD 73344,F6 V
HD 73344,F6 V
HD 73344,F6 V
HD 73526,G6 V
HD 73526,G6 V
HD 73534,G5
HD 73583,K4 V
HD 73583,K4 V
HD 74156,G0
HD 74156,G0
HD 7449,F9.5 V
HD 74698,G5 V
HD 74698,G5 V
HD 75289,G0
HD 75302,G5 V
HD 75784,G5
HD 75784,G5
HD 75898,F8 V
HD 75898,F8 V
HD 76700,G6 V
HD 76920,K1 III
HD 77338,K0 IV
HD 77946,F5
HD 79181,G8 III
HD 7924,K0.5 V
HD 7924,K0.5 V
HD 7924,K0.5 V
HD 79498,G5
HD 80606,G5
HD 80653,G2
HD 80869,G5
HD 80883,K0.5V
HD 80913,F6V
HD 81040,G2/G3
HD 81688,K0 III-IV
HD 81817,K3 III
HD 81817,K3 III
HD 82886,G0
HD 82943,G2/3V
HD 82943,G2/3V
HD 8326,K2 V
HD 83443,K0 V
HD 83443,K0 V
HD 8535,G0 V
HD 85390,K1.5 V
TOI-1774,G4
HD 8574,F8
HD 86065,K2.5V
HD 86081,F8
HD 86226,G1 V
HD 86226,G1 V
HD 86264,F7 V
HD 86728,G1V
HD 8673,F5
HD 86950,K1 III
HD 87646,G
HD 87816,K0 III
HD 87816,K0 III
HD 87883,K0
HD 88072,G3V
HD 88133,G5
HD 88986,G2 V
HD 89307,G0 V
HD 89345,G5
HD 89744,F7 V
HD 89839,F7 V
HD 90156,G5V
HD 9174,G8 IV
HD 92788,G6 V
HD 92788,G6 V
HD 93083,K3 V
HD 93351,G6V
HD 93351,G6V
HD 93385,G2/G3 V
HD 93385,G2/G3 V
HD 93385,G2/G3 V
HD 93963 A,G0 V
HD 93963 A,G0 V
HD 9446,G5 V
HD 9446,G5 V
HD 94771,G3/G5 V
HD 94834,K0
HD 94890,K0 III
HD 94890,K0 III
HD 95086,A8 III
HD 95089,G8/K0 IV
HD 95089,G8/K0 IV
HD 95127,K0
HD 95338,K0.5 V
HD 95544,G0
GJ 411,M1.5 V
HD 95872,K0 V
HD 96063,G6 V
HD 96127,K2 III
HD 96167,G5
HD 96700,G0 V
HD 96700,G0 V
HD 96700,G0 V
HD 96992,K0
HD 97037,G1V
HD 97048,Be9.5/AO
HD 97658,K1 V
HD 98219,K0 III/IV
HD 98649,G3/G5 V
HD 98736,G5
HD 99109,G8/K0 IV
HD 99283,K0 III
HD 99492,K2 V
HD 99492,K2 V
HD 99706,K0
HD 99706,K0
HIP 105854,K2 III
HIP 107772,M0 V
HIP 107773,K1 III
HIP 109384,G5
HIP 109600,G5
HIP 111909,K1 III
HIP 111909,K1 III
HIP 113103,K3V
HIP 113103,K3V
HIP 114933,K0 III
HIP 116454,K1
HIP 12961,M0
HIP 14810,G5
HIP 14810,G5
HIP 14810,G5
HIP 18606,K0/1 III
HIP 19976,M0
HIP 21152,F5 V
TOI-469,K0V
TOI-469,K0V
HIP 34222,K7 V
HIP 35173,K2 V
HIP 35965,K0
HIP 38594,M0
HIP 38594,M0
HIP 39017,A9/F0
HIP 41378,F6
HIP 41378,F6
HIP 41378,F6
HIP 41378,F6
HIP 41378,F6
HIP 41378,F6
HIP 4845,K7V
HIP 48714,M0.5 Ve
HIP 5158,K5
HIP 5158,K5
HIP 54373,K5 V
HIP 54373,K5 V
HIP 54515,A5 V
HIP 54597,K5 V
HIP 55507,M0
HIP 56640,K1 III
HIP 57274,K4 V
HIP 57274,K4 V
HIP 57274,K4 V
HIP 5763,K6 V
HIP 63242,G8
HIP 65 A,K4 V
HIP 65407,K0
HIP 65407,K0
HIP 65426,A2 V
HIP 65891,K0 III
HIP 66074,M0V
HIP 67522,G1 V
HIP 67522,G1 V
HIP 67537,K1 III
HIP 67851,K0 III
HIP 67851,K0 III
HIP 70849,K7 V
HIP 71135,M1
HIP 74890,K1 III
HIP 75092,K0 III
HIP 77900,B7V
HIP 78530,B9 V
HIP 79098 AB,B9 V
HIP 79431,M3 V
HIP 81208 C,M
HIP 8152,G5
HIP 8152,G5
HIP 8541,K2 III/IV
HIP 86221,K5 V
HIP 90988,K1 III
HIP 91258,G5 V
HIP 94235,G V
HIP 948,K5V
HIP 9618,G5
HIP 9618,G5
HIP 97166,K0 V
HIP 97166,K0 V
HIP 97233,K0/1 III
HIP 99770,A5-A6
HN Lib,M4.0 V
HN Peg,G0 V
HR 2562,F5 V
HR 5183,G0 V
HR 810,G0V
HR 858,F6 V
HR 858,F6 V
HR 858,F6 V
HR 8799,A5 V
HR 8799,A5 V
HR 8799,A5 V
HR 8799,A5
HS Psc,K7 V
HU Aqr,D+M4V
HU Aqr,D+M4V
IC 4651 9122,
IRAS 04125+2902,M0
ITG 15 A,M5
K2-10,F9
K2-100,G0 V
K2-101,K3
K2-102,K5
K2-104,M2.5e
K2-105,K1
K2-107,F9 IV
K2-108,
K2-11,G8
K2-110,K3 V
K2-111,G2
K2-111,G2
K2-113,G
K2-114,
K2-115,G4
K2-116,K7V
K2-117,M1.0 V
K2-117,M1.0 V
K2-118,K3V
K2-119,K5V
K2-12,F9
K2-121,K5V
K2-122,M0
K2-123,M0V
K2-124,M3V
K2-125,M2V
K2-126,K7V
K2-127,K3V
K2-128,K4V
K2-129,M3V
K2-13,G3
K2-130,K5V
K2-131,
K2-132,
K2-133,M1.5 V
K2-133,M1.5 V
K2-133,M1.5 V
K2-133,M1.5 V
K2-136,K5.5
K2-136,K5 V
K2-136,K5.5
K2-137,M3 V
K2-138,G8 V
K2-138,G8 V
K2-138,G8 V
K2-138,G8 V
K2-138,G8 V
K2-138,G8 V
K2-139,K0 V
K2-14,M0
K2-140,G6 V
K2-141,K7 V
K2-141,K7 V
K2-146,M3.0 V
K2-146,M3.0 V
K2-147,
K2-148,K7V
K2-148,K7V
K2-148,K7V
K2-149,M1.0 V
K2-15,G8
K2-150,M2.5 V
K2-151,M1.5 V
K2-152,M0.0 V
K2-153,M3.0 V
K2-154,M0.0 V
K2-154,M0.0 V
K2-155,K7
K2-155,K7
K2-155,K7
K2-156,K5V
K2-157,G9 V
K2-157,G9 V
K2-157,G9 V
K2-158,
K2-158,
K2-159,G5
K2-16,K3 V
K2-16,K3 V
K2-160,
K2-161,K1III
K2-162,K5V
K2-163,K3V
K2-164,F2
K2-165,K0V
K2-165,K0V
K2-165,K0V
K2-166,G0
K2-167,F7 V
K2-168,
K2-169,
K2-17,K7
K2-170,
K2-170,
K2-171,
K2-172,
K2-172,
K2-173,G2
K2-174,K7V
K2-175,G2
K2-176,G8
K2-177,G3
K2-178,
K2-179,K3
K2-18,M2.5 V
K2-18,M2.5 V
K2-180,K2 V
K2-181,G5
K2-182,G9
K2-183,G7
K2-183,G7
K2-183,G7
K2-184,G8
K2-185,
K2-185,
K2-186,G3
K2-187,K0
K2-187,K0
K2-187,K0
K2-187,K0
K2-188,G2
K2-188,G2
K2-189,
K2-189,
K2-19,G9 V
K2-19,G9 V
K2-19,G9 V
K2-190,
K2-190,
K2-191,
K2-192,
K2-193,
K2-194,
K2-195,G3
K2-195,G3
K2-196,F9
K2-197,
K2-198,G9
K2-198,G9
K2-198,G9
K2-199,K5V
K2-199,K5V
K2-200,K1
K2-201,
K2-201,
K2-2016-BLG-0005L,
K2-202,
K2-203,
K2-204,
K2-205,G0
K2-206,
K2-207,
K2-208,
K2-209,K2V
K2-21,M0.0
K2-21,M0.0
K2-210,G8
K2-211,K0V
K2-212,K7V
K2-213,G3
K2-214,F2
K2-215,
K2-216,K5 V
K2-217,
K2-218,F9
K2-219,G3
K2-219,G3
K2-219,G3
K2-22,M0 V
K2-220,
K2-221,G4
K2-222,G0
K2-223,
K2-223,
K2-224,
K2-224,
K2-225,G7
K2-226,
K2-227,
K2-228,K5
K2-229,G9
K2-229,G9
K2-230,
K2-231,
K2-232,G0
K2-233,K3
K2-233,K3
K2-233,K3
K2-237,F9 V
K2-238,G2 V
K2-239,M3.0 V
K2-239,M3.0 V
K2-239,M3.0 V
K2-24,G9 V
K2-24,G9 V
K2-240,M0.5 V
K2-240,M0.5 V
K2-241,
K2-242,
K2-243,
K2-243,
K2-244,G3
K2-245,G2
K2-246,G4
K2-247,
K2-247,
K2-248,
K2-249,
K2-25,M4.5 V
K2-250,K3V
K2-251,
K2-252,
K2-253,
K2-254,
K2-254,
K2-255,K5
K2-257,M1V
K2-258,G2
K2-259,G2
K2-26,M1.0 V
K2-260,F6 V
K2-261,G7 IV/V
K2-263,G9 V
K2-264,M2.5 V
K2-264,M2.5 V
K2-265,G8 V
K2-266,K5V
K2-266,K5V
K2-266,K5V
K2-266,K5V
K2-268,K1
K2-268,K1
K2-268,K1
K2-268,K1
K2-268,K1
K2-269,F7
K2-27,
K2-270,K4V
K2-270,K4V
K2-271,G3
K2-272,G5
K2-273,K0
K2-274,K1V
K2-275,K3V
K2-275,K3V
K2-276,K3V
K2-277,
K2-278,
K2-279,G3
K2-28,M4
K2-280,
K2-281,K2V
K2-282,G8
K2-283,K2V
K2-284,M0V
K2-285,K2 V
K2-285,K2 V
K2-285,K2 V
K2-285,K2 V
K2-286,M0 V
K2-287,
K2-288 B,M3 V
K2-289,K1V
K2-29,G7 V
K2-290,
K2-290,
K2-291,G0
K2-292,G3 V
K2-293,
K2-294,
K2-295,K5 V
K2-3,M V
K2-3,M V
K2-3,M V
K2-30,G6 V
K2-308,
K2-31,G7 V
HD 80653,G2
K2-315,M(3.5+/-0.5) V
K2-316,
K2-316,
K2-317,
K2-318,
K2-319,
K2-32,G9 V
K2-32,G9 V
K2-32,G9 V
K2-32,G9 V
K2-320,
K2-321,
K2-322,
K2-323,
K2-324,
K2-325,M4V
K2-326,
K2-329,
K2-33,M3.3
K2-330,
K2-331,
K2-331,
K2-332,
K2-333,
K2-334,
K2-335,
K2-336,
K2-337,
K2-338,K3V
K2-339,
K2-34,F
K2-340,
K2-341,
K2-342,
K2-343,
K2-343,
K2-344,
K2-345,
K2-346,
K2-347,
K2-348,K2V
K2-348,K2V
K2-349,
K2-35,K4 V
K2-35,K4 V
K2-350,
K2-350,
K2-351,
K2-352,
K2-352,
K2-352,
K2-353,
K2-354,
K2-355,
K2-356,
K2-357,
K2-358,
K2-36,K2 V
K2-36,K2 V
EPIC 201595106,
K2-365,
K2-366,K1V
K2-367,K3V
K2-368,K3V
K2-368,K3V
K2-368,K3V
K2-369,
K2-37,G3 V
K2-37,G3 V
K2-37,G3 V
K2-370,G8
K2-371,K3V
K2-372,
K2-373,G2
K2-374,G3
K2-374,G3
K2-375,
K2-376,G1
K2-377,K5V
K2-378,K3V
K2-379,K3V
K2-38,G2 V
K2-38,G2 V
K2-380,
K2-381,K2V
K2-381,K2V
K2-381,K2V
K2-382,
K2-383,
K2-384,M4 V
K2-384,M4 V
K2-384,M4 V
K2-384,M4 V
K2-384,M4 V
K2-385,
K2-386,
K2-387,M0V
K2-388,G8
K2-389,G3
K2-389,G3
K2-39,
K2-390,G4
K2-391,G7
K2-392,G3
K2-393,
K2-394,
K2-395,K0
K2-395,K0
K2-396,G9
K2-396,G9
K2-397,G7
K2-398,G2
K2-398,G2
K2-4,K7V
K2-400,M3
K2-401,K7
K2-402,G2
K2-403,G4
K2-404,M1
K2-405,K0
K2-406,G4
K2-407,G4
K2-407,G4
K2-408,G7
K2-409,G4
K2-411,
K2-412,
K2-413,
K2-413,
K2-414,
K2-414,
K2-415,M5 V
K2-416,M V
K2-417,M V
K2-419 A,
K2-42,K5V
K2-43,K7V
K2-43,K7V
K2-44,
K2-45,M0V
K2-46,
K2-47,K1
K2-48,K2V
K2-49,K7V
K2-5,K7.5 V
K2-5,K7.5 V
K2-50,K5V
K2-52,F8III
K2-53,K2V
K2-54,
K2-55,K7V
K2-57,K5V
K2-58,
K2-58,
K2-58,
K2-59,K2V
K2-59,K2V
K2-6,G3
K2-60,G4 V
K2-61,
K2-62,K3V
K2-62,K3V
K2-63,
K2-63,
K2-64,
K2-65,K2V
K2-66,
K2-68,K2V
K2-69,M1V
K2-7,
K2-70,
K2-71,M3V
K2-72,M2V
K2-72,M2V
K2-72,M2V
K2-72,M2V
K2-73,
K2-73,
K2-74,
K2-75,
K2-75,
K2-77,K4V
K2-79,G3
K2-8,K3 V
K2-8,K3 V
K2-80,G8
K2-80,G8
K2-80,G8
K2-81,K3V
K2-83,M1V
K2-83,M1V
K2-84,K2V
K2-84,K2V
K2-85,K5V
K2-86,G8
K2-87,K1V
K2-88,M1V
K2-89,M1V
K2-9,M2.5 V
K2-90,K5V
K2-90,K5V
K2-91,M3V
K2-95,M3.0
K2-97,K2III
K2-98,F8 V
K2-99,G0 IV
K2-99,G0 IV
KELT-1,F5
KELT-10,G0 V
KELT-11,G8/K0 IV
KELT-12,
KELT-14,G4
KELT-15,
KELT-16,F7 V
KELT-17,A
KELT-18,F4 V
KELT-19 A,A8 V
KELT-2 A,F8
KELT-20,A2 V
KELT-21,A8 V
KELT-23 A,G2 V
KELT-24,F7
KELT-3,F2
KELT-4 A,F
KELT-6,F8
KELT-6,F8
KELT-7,F
KELT-8,G2 V
KELT-9,B9.5-A0
KIC 10001893,sdB
KIC 10001893,sdB
KIC 10001893,sdB
KIC 10068024,F7IV
KIC 10525077,
KIC 3526061,
KIC 3558849,
KIC 5437945,F6IV
KIC 5479689,
KIC 7917485,A
KIC 8121913,
KOI-7892,F9
KOI-7892,F9
KIC 9663113,F6IV
KMT-2016-BLG-0212L,
KMT-2016-BLG-1105L,
KMT-2016-BLG-1107L,
KMT-2016-BLG-1397L,
KMT-2016-BLG-1820L,
KMT-2016-BLG-1836L,
KMT-2016-BLG-2142L,
KMT-2016-BLG-2321L,
KMT-2016-BLG-2364L,
KMT-2016-BLG-2397L,
KMT-2016-BLG-2605L,
KMT-2017-BLG-0165L,
KMT-2017-BLG-0428L,
KMT-2017-BLG-0673L,
KMT-2017-BLG-0849L,
KMT-2017-BLG-1003L,
KMT-2017-BLG-1038L,
KMT-2017-BLG-1057L,
KMT-2017-BLG-1146L,
KMT-2017-BLG-1194L,
KMT-2017-BLG-2197L,
KMT-2017-BLG-2331L,
KMT-2017-BLG-2509L,
KMT-2018-BLG-0029L,
KMT-2018-BLG-0030L,
KMT-2018-BLG-0087L,
KMT-2018-BLG-0247L,
KMT-2018-BLG-0748L,
KMT-2018-BLG-0885L,
KMT-2018-BLG-1025L,
KMT-2018-BLG-1292L,
KMT-2018-BLG-1743L,
KMT-2018-BLG-1976L,
KMT-2018-BLG-1988L,
KMT-2018-BLG-1990L,M
KMT-2018-BLG-1996L,
KMT-2018-BLG-2602L,
KMT-2019-BLG-0253L,
KMT-2019-BLG-0297L,
KMT-2019-BLG-0298L,
KMT-2019-BLG-0335L,
KMT-2019-BLG-0371L,
KMT-2019-BLG-0414L,
KMT-2019-BLG-0578L,
KMT-2019-BLG-0842L,
KMT-2019-BLG-0953L,
KMT-2019-BLG-1042L,
KMT-2019-BLG-1216L,
KMT-2019-BLG-1339L,
KMT-2019-BLG-1367L,
KMT-2019-BLG-1552L,
KMT-2019-BLG-1715L,
KMT-2019-BLG-1806L,
KMT-2019-BLG-1953L,
KMT-2019-BLG-2783L,
KMT-2019-BLG-2974L,
KMT-2020-BLG-0202L,
KMT-2020-BLG-0414L,WD
KMT-2020-BLG-0414L,WD
KMT-2021-BLG-0119L,
KMT-2021-BLG-0171L,
KMT-2021-BLG-0192L,
KMT-2021-BLG-0240L,
KMT-2021-BLG-0320L,
KMT-2021-BLG-0322L,
KMT-2021-BLG-0712L,
KMT-2021-BLG-0736L,
KMT-2021-BLG-0748L,
KMT-2021-BLG-0909L,
KMT-2021-BLG-0912L,K
KMT-2021-BLG-1077L,M V
KMT-2021-BLG-1077L,M V
KMT-2021-BLG-1105L,
KMT-2021-BLG-1150L,
KMT-2021-BLG-1253L,
KMT-2021-BLG-1303L,
KMT-2021-BLG-1372L,
KMT-2021-BLG-1391L,
KMT-2021-BLG-1547L,
KMT-2021-BLG-1554L,
KMT-2021-BLG-1689L,
KMT-2021-BLG-1770L,
KMT-2021-BLG-1898L,
KMT-2021-BLG-2010L,
KMT-2021-BLG-2294L,
KMT-2021-BLG-2478L,
KMT-2021-BLG-2609L,
KMT-2022-BLG-0303L,
KMT-2022-BLG-0371L,
KMT-2022-BLG-0440L,
KMT-2022-BLG-1013L,
KMT-2022-BLG-1551L,
KMT-2022-BLG-1790L,
KMT-2022-BLG-1818L,
KMT-2022-BLG-1818L,
KMT-2022-BLG-2076L,
KMT-2022-BLG-2286L,
KMT-2023-BLG-0119L,K2.5 V
KMT-2023-BLG-0416L,
KMT-2023-BLG-0466L,
KMT-2023-BLG-0469L,
KMT-2023-BLG-0548L,
KMT-2023-BLG-0735L,
KMT-2023-BLG-0830L,
KMT-2023-BLG-0949L,
KMT-2023-BLG-1431L,
KMT-2023-BLG-1454L,
KMT-2023-BLG-1642L,
KMT-2023-BLG-1743L,
KMT-2023-BLG-1866L,
KMT-2023-BLG-1896L,K6 V
KMT-2023-BLG-2209L,
KMT-2024-BLG-0176L,
KMT-2024-BLG-0349L,
KMT-2024-BLG-0404L,M
KMT-2024-BLG-0404L,M
KMT-2024-BLG-1005L,
KMT-2024-BLG-1044L,
KMT-2024-BLG-1209L,K3 V
KMT-2024-BLG-1281L,
KMT-2024-BLG-1870L,
KMT-2024-BLG-2059L,
KMT-2024-BLG-2087L,
KMT-2024-BLG-2242L,
KMT-2025-BLG-0121L,
KMT-2025-BLG-1616L,M V
KOBE-1,K7 V
KOBE-1,K7 V
KOI-12,F5IV
KOI-1257,G5 V
KOI-13,kA2hA5mA7(IV)m:
KOI-134,F9V
KOI-134,F9V
KOI-142,G6 V
KOI-142,G6 V
KOI-1599,
KOI-1599,
KOI-1783,K5
KOI-1783,K5
Kepler-324,
Kepler-968,
Kepler-974,M1V
KOI-217,G8V
KOI-2513,
KOI-3503,
KOI-3503,
KOI-351,G2
KOI-351,G2
KOI-351,G2
KOI-351,G2
KOI-351,G2
KOI-351,G2
KOI-351,G2
KOI-3680,
KOI-4777,
KOI-4978,G
KOI-55,B
KOI-55,B
KOI-7368,
KOI-7913 A,K6 V
KOI-94,
KOI-94,
KOI-94,
KOI-94,
KOI-984,K1V
KOI-984,K1V
XEST 17-036,M4
ISO-Oph 96,K6-M1
2MASS J16262785-2625152,M4.5
KPS-1,K1 V
Kapteyn,M2.0V
Kepler-10,G2V
Kepler-10,G2V
Kepler-10,G2V
Kepler-100,G8IV
Kepler-100,G8IV
Kepler-100,G8IV
Kepler-100,G8IV
Kepler-1000,F6IV
Kepler-1001,
Kepler-1001,
Kepler-1002,G4V
Kepler-1003,
Kepler-1004,G5
Kepler-1005,G2V
Kepler-1006,
Kepler-1007,
Kepler-1008,K2
Kepler-1009,M2V
Kepler-101,G3 IV
Kepler-101,G3 IV
Kepler-1010,G9
Kepler-1011,
Kepler-1012,G7
Kepler-1013,K3
Kepler-1014,
Kepler-1015,F5
Kepler-1016,
Kepler-1016,
Kepler-1017,
Kepler-1018,
Kepler-1019,K8V
Kepler-102,K3V
Kepler-102,K3V
Kepler-102,K3V
Kepler-102,K3V
Kepler-102,K3V
Kepler-1020,
Kepler-1021,
Kepler-1022,
Kepler-1023,K1
Kepler-1024,G7
Kepler-1025,F6IV
Kepler-1026,
Kepler-1027,G5V
Kepler-1028,
Kepler-1029,K2V
Kepler-103,G2
Kepler-103,G2
Kepler-1030,
Kepler-1031,G0V
Kepler-1032,
Kepler-1033,
Kepler-1034,
Kepler-1035,G5V
Kepler-1036,G5
Kepler-1037,K1
Kepler-1038,
Kepler-1038,
Kepler-1039,
Kepler-104,G0V
Kepler-104,G0V
Kepler-104,G0V
Kepler-1040,F9
Kepler-1041,G3
Kepler-1042,
Kepler-1043,
Kepler-1044,
Kepler-1045,
Kepler-1046,G2
Kepler-1047,G8V
Kepler-1047,G8V
Kepler-1048,K5
Kepler-1049,M1V
Kepler-105,F6IV
Kepler-105,F6IV
Kepler-1050,G3
Kepler-1050,G3
Kepler-1051,F5
Kepler-1052,G4
Kepler-1052,G4
Kepler-1053,K7
Kepler-1054,F9
Kepler-1055,G2V
Kepler-1056,G0
Kepler-1057,
Kepler-1058,
Kepler-1059,
Kepler-106,G1
Kepler-106,G1
Kepler-106,G1
Kepler-106,G1
Kepler-1060,
Kepler-1061,K3
Kepler-1062,
Kepler-1063,G5
Kepler-1064,K2V
Kepler-1065,
Kepler-1065,
Kepler-1066,G5V
Kepler-1067,
Kepler-1067,
Kepler-1068,
Kepler-1069,G9IV
Kepler-107,
Kepler-107,
Kepler-107,
Kepler-107,
Kepler-1070,F7V
Kepler-1071,
Kepler-1072,F9.5V
Kepler-1073,G3V
Kepler-1073,G3V
Kepler-1073,G3V
Kepler-1074,M0V
Kepler-1075,M1V
Kepler-1076,K2
Kepler-1077,
Kepler-1078,
Kepler-1079,G2V
Kepler-108,
Kepler-108,
Kepler-1080,F7IV
Kepler-1081,G8V
Kepler-1082,G0V
Kepler-1083,
Kepler-1084,F8V
Kepler-1085,
Kepler-1085,
Kepler-1086,
Kepler-1086,
Kepler-1087,K1
Kepler-1088,F6IV
Kepler-1089,M0V
Kepler-109,G4V
Kepler-109,G4V
Kepler-1090,
Kepler-1090,
Kepler-1091,
Kepler-1092,G2
Kepler-1093,F2V
Kepler-1093,F2V
Kepler-1094,G3
Kepler-1095,
Kepler-1096,K7
Kepler-1097,
Kepler-1098,
Kepler-1099,
Kepler-11,G2V
Kepler-11,G2V
Kepler-11,G2V
Kepler-11,G2V
Kepler-11,G2V
Kepler-11,G2V
Kepler-110,F6IV
Kepler-110,F6IV
Kepler-1100,G2V
Kepler-1101,
Kepler-1102,
Kepler-1103,
Kepler-1104,F6IV-Vs
Kepler-1105,
Kepler-1106,G2
Kepler-1107,
Kepler-1108,
Kepler-1109,G7
Kepler-111,F8V
Kepler-111,F8V
Kepler-1110,
Kepler-1111,
Kepler-1112,F6
Kepler-1113,G0
Kepler-1114,G5V
Kepler-1115,A1IV
Kepler-1116,
Kepler-1117,G8V
Kepler-1118,
Kepler-1119,
Kepler-112,G0
Kepler-112,G0
Kepler-1120,
Kepler-1121,F8
Kepler-1122,
Kepler-1123,G8
Kepler-1124,M1V
Kepler-1125,
Kepler-1126,G3
Kepler-1126,G3
Kepler-1127,
Kepler-1128,G5
Kepler-1129,
Kepler-1129,
Kepler-113,K4
Kepler-113,K4
Kepler-1130,K0V
Kepler-1130,K0V
Kepler-1130,K0V
Kepler-1131,F9
Kepler-1132,
Kepler-1133,K1
Kepler-1134,
Kepler-1135,
Kepler-1136,
Kepler-1137,F5V
Kepler-1138,
Kepler-1139,K2
Kepler-114,M0 V
Kepler-114,M0 V
Kepler-114,M0 V
Kepler-1140,
Kepler-1141,G3
Kepler-1142,G3V
Kepler-1143,
Kepler-1143,
Kepler-1144,
Kepler-1145,
Kepler-1146,
Kepler-1147,
Kepler-1148,
Kepler-1149,
Kepler-115,F6IV
Kepler-115,F6IV
Kepler-1150,
Kepler-1151,G5
Kepler-1152,M1V
Kepler-1153,
Kepler-1154,
Kepler-1154,
Kepler-1155,
Kepler-1156,
Kepler-1157,K4V
Kepler-1158,F5V
Kepler-1159,
Kepler-116,
Kepler-116,
Kepler-1160,
Kepler-1161,K4
Kepler-1162,
Kepler-1162,
Kepler-1163,F7V
Kepler-1164,
Kepler-1165,
Kepler-1165,
Kepler-1166,G7
Kepler-1167,
Kepler-1168,K0
Kepler-1169,G0IV
Kepler-117,F8 V
Kepler-117,F8 V
Kepler-1170,
Kepler-1171,
Kepler-1172,G2V
Kepler-1173,K0
Kepler-1174,G0
Kepler-1175,
Kepler-1176,G3
Kepler-1177,
Kepler-1178,G5V
Kepler-1179,
Kepler-118,
Kepler-118,
Kepler-1180,
Kepler-1181,F6V
Kepler-1181,F6V
Kepler-1182,
Kepler-1183,
Kepler-1184,
Kepler-1185,F9
Kepler-1186,G5
Kepler-1187,
Kepler-1188,
Kepler-1189,G7
Kepler-119,
Kepler-119,
Kepler-1190,K5
Kepler-1191,
Kepler-1192,
Kepler-1193,G2V
Kepler-1194,
Kepler-1195,
Kepler-1196,
Kepler-1197,
Kepler-1198,
Kepler-1199,F2
Kepler-12,G0
Kepler-120,M0 V
Kepler-120,M0 V
Kepler-1200,
Kepler-1201,
Kepler-1202,
Kepler-1203,M1V
Kepler-1204,
Kepler-1205,G7
Kepler-1206,
Kepler-1207,F9
Kepler-1208,
Kepler-1209,F7
Kepler-121,K0
Kepler-121,K0
Kepler-1210,
Kepler-1211,G3
Kepler-1212,G0
Kepler-1213,G0
Kepler-1214,
Kepler-1215,K1V
Kepler-1216,
Kepler-1217,
Kepler-1218,G0.5V
Kepler-1219,F6IV
Kepler-122,
Kepler-122,
Kepler-122,
Kepler-122,
Kepler-122,
Kepler-1220,
Kepler-1221,
Kepler-1222,
Kepler-1223,
Kepler-1224,
Kepler-1225,F7
Kepler-1226,G2
Kepler-1227,G5
Kepler-1228,G8
Kepler-1229,M0
Kepler-123,
Kepler-123,
Kepler-1230,
Kepler-1231,G4
Kepler-1232,
Kepler-1233,F7V
Kepler-1234,
Kepler-1235,G7
Kepler-1236,
Kepler-1237,
Kepler-1238,
Kepler-1239,
Kepler-124,
Kepler-124,
Kepler-124,
Kepler-1240,G5V
Kepler-1241,
Kepler-1242,
Kepler-1243,
Kepler-1244,F5
Kepler-1245,
Kepler-1245,
Kepler-1246,K5
Kepler-1247,
Kepler-1248,G0.5IV
Kepler-1249,
Kepler-125,M1 V
Kepler-125,M1 V
Kepler-1250,
Kepler-1251,G7
Kepler-1252,
Kepler-1253,G0V
Kepler-1254,K3
Kepler-1254,K3
Kepler-1254,K3
Kepler-1255,
Kepler-1256,F6IV
Kepler-1257,
Kepler-1258,G2
Kepler-1259,
Kepler-126,F7IV
Kepler-126,F7IV
Kepler-126,F7IV
Kepler-1260,
Kepler-1261,K3
Kepler-1262,
Kepler-1263,G9
Kepler-1264,F9
Kepler-1265,
Kepler-1266,
Kepler-1266,
Kepler-1267,
Kepler-1268,
Kepler-1269,G2
Kepler-127,G0
Kepler-127,G0
Kepler-127,G0
Kepler-1270,K0IV
Kepler-1271,
Kepler-1272,
Kepler-1273,
Kepler-1274,F8V
Kepler-1275,
Kepler-1276,
Kepler-1277,
Kepler-1278,
Kepler-1279,
Kepler-128,F2
Kepler-128,F2
Kepler-1280,
Kepler-1281,
Kepler-1282,
Kepler-1283,
Kepler-1284,
Kepler-1285,F6IV
Kepler-1286,
Kepler-1287,
Kepler-1288,F5
Kepler-1289,F9
Kepler-129,G4 V
Kepler-129,G4 V
Kepler-129,G4 V
Kepler-1290,
Kepler-1291,
Kepler-1292,
Kepler-1293,F7IV
Kepler-1294,
Kepler-1295,
Kepler-1296,
Kepler-1297,
Kepler-1298,F5
Kepler-1299,
Kepler-130,G1V
Kepler-130,G1V
Kepler-130,G1V
Kepler-1300,F8V
Kepler-1301,
Kepler-1302,G9
Kepler-1303,
Kepler-1304,
Kepler-1305,
Kepler-1306,
Kepler-1307,
Kepler-1308,M2V
Kepler-1309,
Kepler-131,G2V
Kepler-131,G2V
Kepler-1310,
Kepler-1311,G0IV-V
Kepler-1311,G0IV-V
Kepler-1311,G0IV-V
Kepler-1312,F9
Kepler-1312,F9
Kepler-1313,K2V
Kepler-1314,
Kepler-1315,
Kepler-1315,
Kepler-1316,
Kepler-1317,
Kepler-1318,
Kepler-1319,M2V
Kepler-132,G1
Kepler-132,G1
Kepler-132,G1
Kepler-132,G1
Kepler-1320,
Kepler-1321,M1V
Kepler-1321,M1V
Kepler-1321,M1V
Kepler-1322,
Kepler-1322,
Kepler-1323,F8V
Kepler-1324,
Kepler-1325,
Kepler-1326,F4
Kepler-1327,G0
Kepler-1328,G5V
Kepler-1329,
Kepler-133,F9
Kepler-133,F9
Kepler-1330,
Kepler-1331,
Kepler-1332,G5V
Kepler-1333,
Kepler-1334,
Kepler-1335,
Kepler-1336,F9
Kepler-1336,F9
Kepler-1337,
Kepler-1338,M6
Kepler-1339,G0V
Kepler-134,F8V
Kepler-134,F8V
Kepler-1340,
Kepler-1341,
Kepler-1342,
Kepler-1343,
Kepler-1344,G3
Kepler-1345,
Kepler-1346,G3
Kepler-1347,G7
Kepler-1348,G2
Kepler-1349,G0
Kepler-135,F7
Kepler-135,F7
Kepler-1350,
Kepler-1350,
Kepler-1351,M1.6
Kepler-1352,F8V
Kepler-1353,
Kepler-1354,
Kepler-1355,
Kepler-1356,
Kepler-1357,
Kepler-1358,G9
Kepler-1359,
Kepler-136,F5V
Kepler-136,F5V
Kepler-1360,F5IV
Kepler-1361,K2
Kepler-1362,
Kepler-1363,K4
Kepler-1364,F0
Kepler-1365,G3
Kepler-1365,G3
Kepler-1366,M0V
Kepler-1367,M0V
Kepler-1368,
Kepler-1369,
Kepler-137,
Kepler-137,
Kepler-1370,F6IV
Kepler-1370,F6IV
Kepler-1371,G5
Kepler-1371,G5
Kepler-1372,
Kepler-1373,
Kepler-1374,
Kepler-1375,F5V
Kepler-1376,
Kepler-1377,
Kepler-1378,
Kepler-1379,
Kepler-138,M1 V
Kepler-138,M1 V
Kepler-138,M1 V
Kepler-138,M1 V
Kepler-1380,
Kepler-1381,
Kepler-1382,
Kepler-1383,F6
Kepler-1384,
Kepler-1385,F9
Kepler-1386,
Kepler-1387,
Kepler-1388,M0V
Kepler-1388,M0V
Kepler-1388,M0V
Kepler-1388,M0V
Kepler-1389,
Kepler-139,G8IV-V
Kepler-139,G8IV-V
Kepler-139,G8IV-V
Kepler-139,G8IV-V
Kepler-139,G8IV-V
Kepler-1390,G6
Kepler-1391,G0IV
Kepler-1392,
Kepler-1393,G7
Kepler-1394,F4
Kepler-1395,G0
Kepler-1396,
Kepler-1397,
Kepler-1398,G2
Kepler-1398,G2
Kepler-1399,
Kepler-14,F8IV
Kepler-140,F8V
Kepler-140,F8V
Kepler-1400,
Kepler-1401,
Kepler-1402,G5
Kepler-1403,
Kepler-1404,
Kepler-1405,
Kepler-1406,G1
Kepler-1407,G0
Kepler-1408,G0V
Kepler-1409,K0
Kepler-141,K3V
Kepler-141,K3V
Kepler-1410,M1V
Kepler-1411,
Kepler-1412,G2V
Kepler-1413,
Kepler-1414,
Kepler-1415,
Kepler-1416,G3
Kepler-1417,G0
Kepler-1418,
Kepler-1419,
Kepler-142,
Kepler-142,
Kepler-142,
Kepler-1420,
Kepler-1421,F7V
Kepler-1422,
Kepler-1423,K3
Kepler-1424,G1.5Vb
Kepler-1425,F9
Kepler-1426,
Kepler-1427,
Kepler-1428,F5
Kepler-1429,
Kepler-143,G2
Kepler-143,G2
Kepler-1430,
Kepler-1431,F9
Kepler-1432,
Kepler-1433,
Kepler-1434,
Kepler-1435,F6IV
Kepler-1436,F7
Kepler-1437,
Kepler-1438,
Kepler-1439,M1V
Kepler-144,F9IV-V
Kepler-144,F9IV-V
Kepler-1440,
Kepler-1441,
Kepler-1442,F7
Kepler-1443,
Kepler-1444,G2V
Kepler-1445,G0V
Kepler-1446,
Kepler-1447,
Kepler-1448,G5
Kepler-1449,
Kepler-145,G1V
Kepler-145,G1V
Kepler-1450,
Kepler-1451,
Kepler-1452,
Kepler-1453,
Kepler-1454,
Kepler-1455,M0V
Kepler-1456,
Kepler-1457,
Kepler-1458,G7
Kepler-1459,
Kepler-146,G3
Kepler-146,G3
Kepler-1460,
Kepler-1461,
Kepler-1462,
Kepler-1463,
Kepler-1464,
Kepler-1464,
Kepler-1465,
Kepler-1466,G3
Kepler-1467,
Kepler-1468,
Kepler-1468,
Kepler-1468,
Kepler-1469,
Kepler-147,G0
Kepler-147,G0
Kepler-1470,
Kepler-1471,F9
Kepler-1471,F9
Kepler-1472,
Kepler-1473,G0V
Kepler-1474,
Kepler-1475,
Kepler-1476,
Kepler-1477,
Kepler-1478,
Kepler-1479,
Kepler-148,
Kepler-148,
Kepler-148,
Kepler-1480,K3
Kepler-1481,K3
Kepler-1482,G7
Kepler-1483,
Kepler-1484,
Kepler-1485,
Kepler-1486,
Kepler-1487,F5
Kepler-1487,F5
Kepler-1488,G0V
Kepler-1488,G0V
Kepler-1489,G
Kepler-1489,G
Kepler-149,K0V
Kepler-149,K0V
Kepler-149,K0V
Kepler-1490,
Kepler-1491,
Kepler-1491,
Kepler-1492,
Kepler-1493,G3
Kepler-1494,
Kepler-1495,
Kepler-1496,
Kepler-1497,
Kepler-1498,
Kepler-1499,K3
Kepler-15,G8IV-V
Kepler-150,
Kepler-150,
Kepler-150,
Kepler-150,
Kepler-150,
Kepler-1500,
Kepler-1501,
Kepler-1502,
Kepler-1503,
Kepler-1504,F9
Kepler-1505,G0.5V
Kepler-1506,
Kepler-1507,G5
Kepler-1508,
Kepler-1509,
Kepler-151,
Kepler-151,
Kepler-1510,
Kepler-1511,F5V
Kepler-1512,M3V
Kepler-1513,G V
Kepler-1513,G V
Kepler-1514,F7V
Kepler-1514,F7V
Kepler-1515,F6V
Kepler-1516,
Kepler-1517,F0
Kepler-1518,F0
Kepler-1518,F0
Kepler-1519,G2
Kepler-152,
Kepler-152,
Kepler-1520,
Kepler-1521,K1
Kepler-1522,F9
Kepler-1523,
Kepler-1524,G3
Kepler-1525,G4V
Kepler-1526,K5
Kepler-1527,
Kepler-1528,
Kepler-1529,
Kepler-153,
Kepler-153,
Kepler-1530,G7
Kepler-1530,G7
Kepler-1530,G7
Kepler-1531,F9
Kepler-1532,
Kepler-1533,F6V
Kepler-1534,
Kepler-1535,
Kepler-1536,K7
Kepler-1537,
Kepler-1538,
Kepler-1539,
Kepler-154,G6
Kepler-154,G6
Kepler-154,G6
Kepler-154,G6
Kepler-154,G6
Kepler-1540,K7
Kepler-1541,G5
Kepler-1542,G5V
Kepler-1542,G5V
Kepler-1542,G5V
Kepler-1542,G5V
Kepler-1543,F3V
Kepler-1544,K3
Kepler-1545,G8
Kepler-1546,
Kepler-1547,G1
Kepler-1548,
Kepler-1549,
Kepler-155,M0 V
Kepler-155,M0 V
Kepler-1550,
Kepler-1551,
Kepler-1552,
Kepler-1553,
Kepler-1554,
Kepler-1555,
Kepler-1556,G5V
Kepler-1557,
Kepler-1558,K2
Kepler-1559,
Kepler-156,
Kepler-156,
Kepler-1560,G5
Kepler-1561,
Kepler-1562,
Kepler-1563,G2V
Kepler-1564,
Kepler-1565,
Kepler-1566,
Kepler-1567,
Kepler-1568,G3
Kepler-1569,F5V
Kepler-157,G3
Kepler-157,G3
Kepler-157,G3
Kepler-1570,
Kepler-1571,F9
Kepler-1572,F8
Kepler-1573,
Kepler-1574,
Kepler-1575,
Kepler-1576,G8V
Kepler-1577,
Kepler-1578,
Kepler-1579,
Kepler-158,K
Kepler-158,K
Kepler-158,K
Kepler-1580,F8IV
Kepler-1581,G0
Kepler-1582,M4V
Kepler-1583,G5V
Kepler-1584,
Kepler-1585,
Kepler-1586,F5
Kepler-1587,G2
Kepler-1588,G0V
Kepler-1589,
Kepler-159,M0 V
Kepler-159,M0 V
Kepler-1590,G2
Kepler-1591,
Kepler-1592,
Kepler-1593,
Kepler-1594,
Kepler-1595,
Kepler-1596,
Kepler-1597,
Kepler-1598,G5
Kepler-1599,
Kepler-16,K7V
Kepler-160,G5
Kepler-160,G5
Kepler-160,G5
Kepler-1600,
Kepler-1600,
Kepler-1601,
Kepler-1602,F2
Kepler-1603,
Kepler-1604,
Kepler-1605,G7
Kepler-1606,
Kepler-1607,F9IV-V
Kepler-1608,
Kepler-1609,
Kepler-161,
Kepler-161,
Kepler-1610,
Kepler-1610,
Kepler-1611,
Kepler-1612,
Kepler-1613,
Kepler-1614,
Kepler-1615,
Kepler-1616,F7V
Kepler-1617,F9
Kepler-1618,F5
Kepler-1619,G2V
Kepler-162,
Kepler-162,
Kepler-1620,F9IV-V
Kepler-1621,
Kepler-1622,F6IV
Kepler-1623,
Kepler-1624,M1.5
Kepler-1625,
Kepler-1626,
Kepler-1627,G2V
Kepler-1628,
Kepler-1629,F9
Kepler-163,G7
Kepler-163,G7
Kepler-1630,
Kepler-1631,
Kepler-1632,G1V
Kepler-1633,F7
Kepler-1634,
Kepler-1635,
Kepler-1636,F9
Kepler-1637,
Kepler-1638,
Kepler-1639,
Kepler-164,
Kepler-164,
Kepler-164,
Kepler-164,
Kepler-1640,
Kepler-1641,
Kepler-1641,
Kepler-1642,
Kepler-1642,
Kepler-1643,
Kepler-1644,G4
Kepler-1645,
Kepler-1646,M4Ve
Kepler-1647,F5
Kepler-1649,M5V
Kepler-1649,M5V
Kepler-165,
Kepler-165,
Kepler-1650,M3V
Kepler-1651,M2V
Kepler-1652,M2V
Kepler-1653,
Kepler-1654,G5 V
Kepler-1655,G0 V
Kepler-1656,G6V
Kepler-1656,G6V
Kepler-166,K1
Kepler-166,K1
Kepler-166,K1
Kepler-1660 A,F7 V
Kepler-1661,K
Kepler-1663,M1V
Kepler-1664,G4V
Kepler-1665,K1.5IV
Kepler-1666,
Kepler-1666,
Kepler-1667,F8V
Kepler-1668,
Kepler-1669,M0V
Kepler-1669,M0V
Kepler-1669,M0V
Kepler-167,K4
Kepler-167,K4
Kepler-167,K4
Kepler-167,K4
Kepler-1670,
Kepler-1671,A9V
Kepler-1672,F6V
Kepler-1673,G0
Kepler-1674,
Kepler-1675,
Kepler-1676,
Kepler-1677,F6IV
Kepler-1678,
Kepler-1679,
Kepler-168,
Kepler-168,
Kepler-1680,
Kepler-1681,G2V
Kepler-1682,G8V
Kepler-1683,
Kepler-1684,
Kepler-1685,
Kepler-1686,
Kepler-1687,
Kepler-1688,
Kepler-1689,
Kepler-169,
Kepler-169,
Kepler-169,
Kepler-169,
Kepler-169,
Kepler-1690,
Kepler-1691,
Kepler-1692,
Kepler-1693,
Kepler-1693,
Kepler-1694,
Kepler-1695,
Kepler-1696,
Kepler-1697,K1.5IV
Kepler-1698,
Kepler-1699,
Kepler-17,G2 V
Kepler-170,G7
Kepler-170,G7
Kepler-1700,
Kepler-1701,
Kepler-1702,
Kepler-1704,
Kepler-1705,
Kepler-1705,
Kepler-1708,
Kepler-1709,
Kepler-171,
Kepler-171,
Kepler-171,
Kepler-1710,
Kepler-1711,
Kepler-1712,M1V
Kepler-1713,F6IV
Kepler-1714,F7V
Kepler-1715,G0
Kepler-1716,K3
Kepler-1717,F5V
Kepler-1718,G0.5V
Kepler-1719,
Kepler-172,G8
Kepler-172,G8
Kepler-172,G8
Kepler-172,G8
Kepler-1720,
Kepler-1721,
Kepler-1722,
Kepler-1723,
Kepler-1724,
Kepler-1725,
Kepler-1726,
Kepler-1727,
Kepler-1728,
Kepler-1729,M0V
Kepler-173,
Kepler-173,
Kepler-1730,
Kepler-1731,K3
Kepler-1732,G0.5V
Kepler-1733,F5V
Kepler-1734,
Kepler-1735,M0V
Kepler-1736,
Kepler-1737,
Kepler-1738,
Kepler-1739,
Kepler-174,K5
Kepler-174,K5
Kepler-174,K5
Kepler-1740,G6V
Kepler-1741,M1V
Kepler-1742,
Kepler-1743,G1.5V
Kepler-1744,
Kepler-1745,
Kepler-1746,F7IV
Kepler-1747,
Kepler-1748,
Kepler-1749,M0V
Kepler-175,
Kepler-175,
Kepler-1750,
Kepler-1751,
Kepler-1752,
Kepler-1753,
Kepler-1754,
Kepler-1755,
Kepler-1756,
Kepler-1757,
Kepler-1758,
Kepler-1759,
Kepler-176,
Kepler-176,
Kepler-176,
Kepler-176,
Kepler-1760,
Kepler-1761,M0V
Kepler-1762,
Kepler-1763,
Kepler-1764,
Kepler-1765,
Kepler-1766,G0V
Kepler-1767,
Kepler-1768,
Kepler-1769,
Kepler-177,
Kepler-177,
Kepler-1770,
Kepler-1771,
Kepler-1772,
Kepler-1773,
Kepler-1774,G0.5V
Kepler-1775,
Kepler-1776,G0V
Kepler-1777,
Kepler-1778,
Kepler-1779,
Kepler-178,
Kepler-178,
Kepler-178,
Kepler-1780,
Kepler-1781,
Kepler-1782,
Kepler-1783,
Kepler-1784,
Kepler-1785,
Kepler-1786,
Kepler-1787,
Kepler-1788,
Kepler-1789,
Kepler-179,G8
Kepler-179,G8
Kepler-1790,
Kepler-1791,G0
Kepler-1792,K2
Kepler-1793,
Kepler-1794,
Kepler-1795,
Kepler-1796,
Kepler-1797,
Kepler-1798,M0V
Kepler-1799,
Kepler-18,
Kepler-18,
Kepler-18,
Kepler-180,
Kepler-180,
Kepler-1800,
Kepler-1801,
Kepler-1801,
Kepler-1802,
Kepler-1802,
Kepler-1804,
Kepler-1805,M0V
Kepler-1806,
Kepler-1807,F3/F5V
Kepler-1808,
Kepler-1809,K2.5V
Kepler-181,G8
Kepler-181,G8
Kepler-1810,
Kepler-1811,
Kepler-1812,
Kepler-1813,
Kepler-1814,
Kepler-1814,
Kepler-1815,
Kepler-1816,
Kepler-1817,
Kepler-1818,
Kepler-1819,
Kepler-182,G3
Kepler-182,G3
Kepler-1820,
Kepler-1821,G5V
Kepler-1822,
Kepler-1823,
Kepler-1824,
Kepler-1825,K2V
Kepler-1826,M1V
Kepler-1827,G4V
Kepler-1828,F8
Kepler-1829,
Kepler-183,G2V
Kepler-183,G2V
Kepler-1830,F6IV
Kepler-1831,
Kepler-1832,
Kepler-1833,F7V
Kepler-1834,
Kepler-1834,
Kepler-1835,
Kepler-1836,
Kepler-1837,
Kepler-1838,
Kepler-1839,
Kepler-184,F2
Kepler-184,F2
Kepler-184,F2
Kepler-1840,K2
Kepler-1841,
Kepler-1842,
Kepler-1843,
Kepler-1844,
Kepler-1845,K3V
Kepler-1846,
Kepler-1847,
Kepler-1848,
Kepler-1849,
Kepler-185,
Kepler-185,
Kepler-1850,
Kepler-1851,
Kepler-1852,
Kepler-1853,
Kepler-1854,
Kepler-1855,M2V
Kepler-1856,
Kepler-1857,
Kepler-1858,
Kepler-1859,
Kepler-1859,
Kepler-186,M1
Kepler-186,M1
Kepler-186,M1
Kepler-186,M1
Kepler-186,M1
Kepler-1860,
Kepler-1861,G5V
Kepler-1862,
Kepler-1863,G0V
Kepler-1864,G0.5V
Kepler-1865,
Kepler-1866,
Kepler-1867,
Kepler-1868,K3V
Kepler-1869,G5V
Kepler-1869,G5V
Kepler-187,
Kepler-187,
Kepler-1870,
Kepler-1871,K1III-IV
Kepler-1872,
Kepler-1873,
Kepler-1874,
Kepler-1875,
Kepler-1876,
Kepler-1877,G5V
Kepler-1878,
Kepler-1879,
Kepler-188,G6
Kepler-188,G6
Kepler-1880,
Kepler-1881,
Kepler-1882,
Kepler-1883,
Kepler-1884,
Kepler-1885,
Kepler-1886,
Kepler-1887,
Kepler-1888,
Kepler-1889,
Kepler-189,
Kepler-189,
Kepler-1890,F5V
Kepler-1891,G5
Kepler-1892,
Kepler-1893,
Kepler-1894,
Kepler-1894,
Kepler-1895,
Kepler-1896,
Kepler-1897,
Kepler-1898,
Kepler-1899,
Kepler-19,F9
Kepler-19,F9
Kepler-19,F9
Kepler-190,G8
Kepler-190,G8
Kepler-1900,
Kepler-1901,
Kepler-1902,M1V
Kepler-1903,
Kepler-1904,
Kepler-1905,
Kepler-1906,
Kepler-1907,
Kepler-1907,
Kepler-1909,
Kepler-191,G9
Kepler-191,G9
Kepler-191,G9
Kepler-1910,
Kepler-1911,
Kepler-1912,
Kepler-1913,
Kepler-1914,
Kepler-1915,
Kepler-1916,
Kepler-1917,
Kepler-1918,
Kepler-1919,
Kepler-192,G7
Kepler-192,G7
Kepler-192,G7
Kepler-1920,
Kepler-1921,F6IV
Kepler-1921,F6IV
Kepler-1922,
Kepler-1923,
Kepler-1924,
Kepler-1925,
Kepler-1926,
Kepler-1927,G0
Kepler-1928,
Kepler-1929,G2V
Kepler-193,F8V
Kepler-193,F8V
Kepler-1930,K1.5IV
Kepler-1931,F6V
Kepler-1932,
Kepler-1933,G2V
Kepler-1934,
Kepler-1935,
Kepler-1936,
Kepler-1937,
Kepler-1938,
Kepler-1939,
Kepler-194,G3
Kepler-194,G3
Kepler-194,G3
Kepler-1940,
Kepler-1941,
Kepler-1942,
Kepler-1943,
Kepler-1944,
Kepler-1945,
Kepler-1946,
Kepler-1947,G2V
Kepler-1948,M0V
Kepler-1949,
Kepler-195,
Kepler-195,
Kepler-1950,
Kepler-1951,G5
Kepler-1952,F9V
Kepler-1953,
Kepler-1954,
Kepler-1955,
Kepler-1956,
Kepler-1957,
Kepler-1958,
Kepler-1959,
Kepler-196,K3
Kepler-196,K3
Kepler-196,K3
Kepler-1960,
Kepler-1961,
Kepler-1962,
Kepler-1963,
Kepler-1964,
Kepler-1965,
Kepler-1966,
Kepler-1967,
Kepler-1968,
Kepler-1969,
Kepler-197,F5
Kepler-197,F5
Kepler-197,F5
Kepler-197,F5
Kepler-1972,
Kepler-1972,
Kepler-1976,
Kepler-1977,
Kepler-1978,
Kepler-1979,
Kepler-198,F9
Kepler-198,F9
Kepler-198,F9
Kepler-1980,
Kepler-1981,
Kepler-1982,
Kepler-1983,
Kepler-1984,M1V
Kepler-1985,
Kepler-1986,
Kepler-1987,
Kepler-1987,
Kepler-1987,
Kepler-1987,
Kepler-1988,
Kepler-1989,
Kepler-199,G6V
Kepler-199,G6V
Kepler-1990,
Kepler-1990,
Kepler-1991,
Kepler-1991,
Kepler-1992,
Kepler-1993,K0IV
Kepler-1994,G5V
Kepler-1995,
Kepler-1996,
Kepler-1996,
Kepler-1997,
Kepler-1998,G5
Kepler-1999,
Kepler-20,G5V
Kepler-20,G5V
Kepler-20,G5V
Kepler-20,G5V
Kepler-20,G5V
Kepler-20,G5V
Kepler-200,G3
Kepler-200,G3
Kepler-2000,M1V
Kepler-2000,M1V
Kepler-2001,
Kepler-2001,
Kepler-201,F7
Kepler-201,F7
Kepler-202,K0V
Kepler-202,K0V
Kepler-203,G1
Kepler-203,G1
Kepler-203,G1
Kepler-204,
Kepler-204,
Kepler-205,M1 V
Kepler-205,M1 V
Kepler-206,G3
Kepler-206,G3
Kepler-206,G3
Kepler-207,G3
Kepler-207,G3
Kepler-207,G3
Kepler-208,G0
Kepler-208,G0
Kepler-208,G0
Kepler-208,G0
Kepler-209,G5V
Kepler-209,G5V
Kepler-21,F6 IV
Kepler-210,M0 V
Kepler-210,M0 V
Kepler-211,K0
Kepler-211,K0
Kepler-212,G0IV
Kepler-212,G0IV
Kepler-213,G5V
Kepler-213,G5V
Kepler-214,F9
Kepler-214,F9
Kepler-215,G3
Kepler-215,G3
Kepler-215,G3
Kepler-215,G3
Kepler-216,F7
Kepler-216,F7
Kepler-217,F3V
Kepler-217,F3V
Kepler-217,F3V
Kepler-218,G8IV
Kepler-218,G8IV
Kepler-218,G8IV
Kepler-219,G2V
Kepler-219,G2V
Kepler-219,G2V
Kepler-22,G5 V
Kepler-220,K3V
Kepler-220,K3V
Kepler-220,K3V
Kepler-220,K3V
Kepler-221,G5
Kepler-221,G5
Kepler-221,G5
Kepler-221,G5
Kepler-222,
Kepler-222,
Kepler-222,
Kepler-223,
Kepler-223,
Kepler-223,
Kepler-223,
Kepler-224,
Kepler-224,
Kepler-224,
Kepler-224,
Kepler-225,M1 V
Kepler-225,M1 V
Kepler-226,
Kepler-226,
Kepler-226,
Kepler-227,F9
Kepler-227,F9
Kepler-228,
Kepler-228,
Kepler-228,
Kepler-229,
Kepler-229,
Kepler-229,
Kepler-23,G2V
Kepler-23,G2V
Kepler-23,G2V
Kepler-230,
Kepler-230,
Kepler-231,M1 V
Kepler-231,M1 V
Kepler-232,
Kepler-232,
Kepler-233,
Kepler-233,
Kepler-234,
Kepler-234,
Kepler-235,M0 V
Kepler-235,M0 V
Kepler-235,M0 V
Kepler-235,M0 V
Kepler-236,M1 V
Kepler-236,M1 V
Kepler-237,
Kepler-237,
Kepler-238,
Kepler-238,
Kepler-238,
Kepler-238,
Kepler-238,
Kepler-239,
Kepler-239,
Kepler-24,
Kepler-24,
Kepler-24,
Kepler-24,
Kepler-240,
Kepler-240,
Kepler-241,
Kepler-241,
Kepler-242,
Kepler-242,
Kepler-243,
Kepler-243,
Kepler-244,
Kepler-244,
Kepler-244,
Kepler-245,
Kepler-245,
Kepler-245,
Kepler-245,
Kepler-246,
Kepler-246,
Kepler-247,
Kepler-247,
Kepler-247,
Kepler-248,
Kepler-248,
Kepler-249,M2 V
Kepler-249,M2 V
Kepler-249,M2 V
Kepler-25,F8
Kepler-25,F8
Kepler-25,F8
Kepler-250,
Kepler-250,
Kepler-250,
Kepler-251,
Kepler-251,
Kepler-251,
Kepler-251,
Kepler-252,M0 V
Kepler-252,M0 V
Kepler-253,
Kepler-253,
Kepler-253,
Kepler-254,
Kepler-254,
Kepler-254,
Kepler-255,
Kepler-255,
Kepler-255,
Kepler-256,
Kepler-256,
Kepler-256,
Kepler-256,
Kepler-257,
Kepler-257,
Kepler-257,
Kepler-258,
Kepler-258,
Kepler-259,
Kepler-259,
Kepler-26,M0 V
Kepler-26,M0 V
Kepler-26,M0 V
Kepler-26,M0 V
Kepler-260,G7
Kepler-260,G7
Kepler-261,K2
Kepler-261,K2
Kepler-262,G1V
Kepler-262,G1V
Kepler-263,G8
Kepler-263,G8
Kepler-264,F6
Kepler-264,F6
Kepler-265,G3
Kepler-265,G3
Kepler-265,G3
Kepler-265,G3
Kepler-266,
Kepler-266,
Kepler-267,M1 V
Kepler-267,M1 V
Kepler-267,M1 V
Kepler-268,
Kepler-268,
Kepler-269,
Kepler-269,
Kepler-27,
Kepler-27,
Kepler-27,
Kepler-270,G0
Kepler-270,G0
Kepler-271,F9
Kepler-271,F9
Kepler-271,F9
Kepler-272,G6
Kepler-272,G6
Kepler-272,G6
Kepler-273,
Kepler-273,
Kepler-274,G4
Kepler-274,G4
Kepler-275,
Kepler-275,
Kepler-275,
Kepler-276,G7
Kepler-276,G7
Kepler-276,G7
Kepler-277,
Kepler-277,
Kepler-278,K2 III-IV
Kepler-278,K2 III-IV
Kepler-279,F3V
Kepler-279,F3V
Kepler-279,F3V
Kepler-279,F3V
Kepler-28,M0 V
Kepler-28,M0 V
Kepler-280,G7
Kepler-280,G7
Kepler-281,
Kepler-281,
Kepler-281,
Kepler-282,
Kepler-282,
Kepler-282,
Kepler-282,
Kepler-283,K7V
Kepler-283,K7V
Kepler-284,G8
Kepler-284,G8
Kepler-285,
Kepler-285,
Kepler-286,
Kepler-286,
Kepler-286,
Kepler-286,
Kepler-287,K7 V
Kepler-287,K7 V
Kepler-288,G1V
Kepler-288,G1V
Kepler-288,G1V
Kepler-289,G2
Kepler-289,G2
Kepler-289,G2
Kepler-289,G2
Kepler-29,G7
Kepler-29,G7
Kepler-290,
Kepler-290,
Kepler-290,
Kepler-291,
Kepler-291,
Kepler-292,
Kepler-292,
Kepler-292,
Kepler-292,
Kepler-292,
Kepler-293,
Kepler-293,
Kepler-294,
Kepler-294,
Kepler-295,
Kepler-295,
Kepler-295,
Kepler-296,M2 V
Kepler-296,M2 V
Kepler-296,M2 V
Kepler-296,M2 V
Kepler-296,M2 V
Kepler-297,
Kepler-297,
Kepler-297,
Kepler-298,
Kepler-298,
Kepler-298,
Kepler-299,
Kepler-299,
Kepler-299,
Kepler-299,
Kepler-30,
Kepler-30,
Kepler-30,
Kepler-300,
Kepler-300,
Kepler-301,F9
Kepler-301,F9
Kepler-301,F9
Kepler-302,
Kepler-302,
Kepler-303,M0 V
Kepler-303,M0 V
Kepler-304,
Kepler-304,
Kepler-304,
Kepler-304,
Kepler-305,
Kepler-305,
Kepler-305,
Kepler-305,
Kepler-306,
Kepler-306,
Kepler-306,
Kepler-306,
Kepler-307,
Kepler-307,
Kepler-308,sdF3
Kepler-308,sdF3
Kepler-309,M0 V
Kepler-309,M0 V
Kepler-31,
Kepler-31,
Kepler-31,
Kepler-310,
Kepler-310,
Kepler-310,
Kepler-311,G0.5V
Kepler-311,G0.5V
Kepler-311,G0.5V
Kepler-312,F5V
Kepler-312,F5V
Kepler-313,
Kepler-313,
Kepler-314,G9IV
Kepler-314,G9IV
Kepler-315,
Kepler-315,
Kepler-316,
Kepler-316,
Kepler-317,G8
Kepler-317,G8
Kepler-318,A2V
Kepler-318,A2V
Kepler-319,G4V
Kepler-319,G4V
Kepler-319,G4V
Kepler-32,M1 V
Kepler-32,M1 V
Kepler-32,M1 V
Kepler-32,M1 V
Kepler-32,M1 V
Kepler-320,
Kepler-320,
Kepler-321,G4
Kepler-321,G4
Kepler-322,G7
Kepler-322,G7
Kepler-323,G0
Kepler-323,G0
Kepler-324,
Kepler-324,
Kepler-324,
Kepler-325,G5
Kepler-325,G5
Kepler-325,G5
Kepler-326,K1V
Kepler-326,K1V
Kepler-326,K1V
Kepler-327,M1V
Kepler-327,M1V
Kepler-327,M1V
Kepler-328,
Kepler-328,
Kepler-329,K5
Kepler-329,K5
Kepler-33,F2
Kepler-33,F2
Kepler-33,F2
Kepler-33,F2
Kepler-33,F2
Kepler-330,
Kepler-330,
Kepler-331,
Kepler-331,
Kepler-331,
Kepler-332,
Kepler-332,
Kepler-332,
Kepler-333,K7
Kepler-333,K7
Kepler-334,G0
Kepler-334,G0
Kepler-334,G0
Kepler-335,G3
Kepler-335,G3
Kepler-336,G3
Kepler-336,G3
Kepler-336,G3
Kepler-337,G2V
Kepler-337,G2V
Kepler-338,G0
Kepler-338,G0
Kepler-338,G0
Kepler-338,G0
Kepler-339,G7
Kepler-339,G7
Kepler-339,G7
Kepler-34,
Kepler-340,A8V
Kepler-340,A8V
Kepler-341,G3
Kepler-341,G3
Kepler-341,G3
Kepler-341,G3
Kepler-342,F6IV
Kepler-342,F6IV
Kepler-342,F6IV
Kepler-342,F6IV
Kepler-343,
Kepler-343,
Kepler-344,
Kepler-344,
Kepler-345,
Kepler-345,
Kepler-346,
Kepler-346,
Kepler-347,
Kepler-347,
Kepler-347,
Kepler-348,F3V
Kepler-348,F3V
Kepler-349,
Kepler-349,
Kepler-35,
Kepler-350,F5
Kepler-350,F5
Kepler-350,F5
Kepler-351,
Kepler-351,
Kepler-351,
Kepler-352,
Kepler-352,
Kepler-352,
Kepler-353,M1V
Kepler-353,M1V
Kepler-354,K5
Kepler-354,K5
Kepler-354,K5
Kepler-355,
Kepler-355,
Kepler-356,F7
Kepler-356,F7
Kepler-357,
Kepler-357,
Kepler-357,
Kepler-358,G5
Kepler-358,G5
Kepler-359,
Kepler-359,
Kepler-359,
Kepler-36,F2
Kepler-36,F2
Kepler-360,
Kepler-360,
Kepler-361,F2
Kepler-361,F2
Kepler-362,G3
Kepler-362,G3
Kepler-363,G5V
Kepler-363,G5V
Kepler-363,G5V
Kepler-364,F8V
Kepler-364,F8V
Kepler-365,G3
Kepler-365,G3
Kepler-366,G2
Kepler-366,G2
Kepler-367,K3V
Kepler-367,K3V
Kepler-368,G6
Kepler-368,G6
Kepler-369,M1V
Kepler-369,M1V
Kepler-37,G8V
Kepler-37,G8V
Kepler-37,G8V
Kepler-37,G8V
Kepler-370,
Kepler-370,
Kepler-371,
Kepler-371,
Kepler-372,
Kepler-372,
Kepler-372,
Kepler-373,
Kepler-373,
Kepler-374,G3
Kepler-374,G3
Kepler-374,G3
Kepler-375,
Kepler-375,
Kepler-376,
Kepler-376,
Kepler-377,
Kepler-377,
Kepler-378,K5
Kepler-378,K5
Kepler-379,
Kepler-379,
Kepler-38,G4 V
Kepler-380,
Kepler-380,
Kepler-381,F5
Kepler-381,F5
Kepler-381,F5
Kepler-382,F9
Kepler-382,F9
Kepler-383,K5
Kepler-383,K5
Kepler-384,G0V
Kepler-384,G0V
Kepler-385,
Kepler-385,
Kepler-385,
Kepler-386,
Kepler-386,
Kepler-387,G0.5V
Kepler-387,G0.5V
Kepler-388,
Kepler-388,
Kepler-389,
Kepler-389,
Kepler-39,F7 V
Kepler-390,G5
Kepler-390,G5
Kepler-391,K2 III-IV
Kepler-391,K2 III-IV
Kepler-392,F5
Kepler-392,F5
Kepler-393,F6V
Kepler-393,F6V
Kepler-394,G2
Kepler-394,G2
Kepler-394,G2
Kepler-395,M1V
Kepler-395,M1V
Kepler-396,G4
Kepler-396,G4
Kepler-397,
Kepler-397,
Kepler-398,
Kepler-398,
Kepler-398,
Kepler-399,
Kepler-399,
Kepler-399,
Kepler-4,G0
Kepler-40,F5 IV
Kepler-400,G2V
Kepler-400,G2V
Kepler-401,
Kepler-401,
Kepler-401,
Kepler-402,F2
Kepler-402,F2
Kepler-402,F2
Kepler-402,F2
Kepler-403,F9
Kepler-403,F9
Kepler-403,F9
Kepler-404,
Kepler-404,
Kepler-405,
Kepler-405,
Kepler-406,G5IV
Kepler-406,G5IV
Kepler-407,G
Kepler-407,G
Kepler-408,F8V
Kepler-409,K0V
Kepler-41,G2 V
Kepler-410 A,F6IV
Kepler-411,K2 V
Kepler-411,K2 V
Kepler-411,K2 V
Kepler-411,K2 V
Kepler-412,G3 V
Kepler-413,
Kepler-414,K0IV
Kepler-414,K0IV
Kepler-415,K5
Kepler-415,K5
Kepler-416,
Kepler-416,
Kepler-416,
Kepler-417,
Kepler-417,
Kepler-418,G7
Kepler-418,G7
Kepler-419,
Kepler-419,
Kepler-42,M
Kepler-42,M
Kepler-42,M
Kepler-421,G9/K0
Kepler-422,G2V
Kepler-423,G4 V
Kepler-424,
Kepler-424,
Kepler-425,K1 V
Kepler-426,G1 V
Kepler-427,G2 V
Kepler-428,K1 V
Kepler-43,F8 V
Kepler-430,G0V
Kepler-430,G0V
Kepler-431,F6IV
Kepler-431,F6IV
Kepler-431,F6IV
Kepler-432,G5
Kepler-432,G5
Kepler-433,
Kepler-434,F9
Kepler-435,F5V
Kepler-436,
Kepler-436,
Kepler-437,
Kepler-438,M1V
Kepler-439,
Kepler-44,G2 IV
Kepler-440,
Kepler-441,K7
Kepler-442,
Kepler-443,
Kepler-444,K
Kepler-444,K
Kepler-444,K
Kepler-444,K
Kepler-444,K
Kepler-445,M4
Kepler-445,M4
Kepler-445,M4
Kepler-446,M4
Kepler-446,M4
Kepler-446,M4
Kepler-447,G8 V
KOI-12,F5IV
Kepler-449,
Kepler-449,
Kepler-45,M
Kepler-450,
Kepler-450,
Kepler-450,
2MASS J19383260+4603591,sdB+dM
2MASS J19383260+4603591,sdB+dM
Kepler-452,G2
Kepler-453,G5
Kepler-454,
Kepler-454,
Kepler-454,
KOI-7892,F9
KIC 9663113,F6IV
Kepler-46,
Kepler-46,
Kepler-46,
KIC 5437945,F6IV
Kepler-461,G2V
Kepler-462,A9V
Kepler-462,A9V
Kepler-463,G0V
Kepler-464,G3
Kepler-465,
Kepler-466,F9IV-V
Kepler-466,F9IV-V
Kepler-467,
Kepler-468,G7
Kepler-47,
Kepler-47,
Kepler-47,
Kepler-471,
Kepler-472,K3V
Kepler-473,
Kepler-474,F6IV
Kepler-475,
Kepler-476,G3
Kepler-477,G8
Kepler-478,K1V
Kepler-479,
Kepler-48,K0V
Kepler-48,K0V
Kepler-48,K0V
Kepler-48,K0V
Kepler-48,K0V
Kepler-480,F8V
Kepler-481,G2
Kepler-482,K3
Kepler-483,F5
Kepler-484,G5
Kepler-485,F9
Kepler-487,
Kepler-487,
Kepler-487,
Kepler-489,K2
Kepler-49,M1 V
Kepler-49,M1 V
Kepler-49,M1 V
Kepler-49,M1 V
Kepler-490,
Kepler-491,K1
Kepler-493,
Kepler-495,
Kepler-495,
Kepler-496,K1
Kepler-497,
Kepler-498,F9
Kepler-499,
Kepler-5,F5V
Kepler-50,F5
Kepler-50,F5
Kepler-500,F9
Kepler-501,
Kepler-501,
Kepler-502,F9
Kepler-504,M2V
Kepler-505,M1V
Kepler-506,F7V
Kepler-507,G0
Kepler-508,G1V
Kepler-509,G0V
Kepler-51,G4
Kepler-51,G4
Kepler-51,G4
Kepler-51,G4
Kepler-510,G5V
Kepler-511,G0
Kepler-511,G0
Kepler-512,F9IV-V
Kepler-513,
Kepler-514,F8V
Kepler-515,
Kepler-516,
Kepler-517,G6V
Kepler-518,
Kepler-519,G8
Kepler-52,M0 V
Kepler-52,M0 V
Kepler-52,M0 V
Kepler-520,F8V
Kepler-520,F8V
Kepler-521,F3V
Kepler-522,F6
Kepler-523,G5
Kepler-524,G0
Kepler-524,G0
Kepler-525,
Kepler-526,F9
Kepler-527,F6
Kepler-528,G2V
Kepler-529,
Kepler-529,
Kepler-529,
Kepler-53,
Kepler-53,
Kepler-53,
Kepler-530,G5
Kepler-531,K2
Kepler-532,
Kepler-533,K3V
Kepler-534,
Kepler-534,
Kepler-535,G0
Kepler-536,G5
Kepler-537,F9
Kepler-538,G5V
Kepler-539,G2 V
Kepler-539,G2 V
Kepler-54,M1 V
Kepler-54,M1 V
Kepler-54,M1 V
Kepler-540,G0V
Kepler-541,F5
Kepler-542,G5
Kepler-543,
Kepler-544,F8V
Kepler-545,
Kepler-546,
Kepler-547,
Kepler-548,K1
Kepler-549,
Kepler-549,
Kepler-549,
Kepler-55,K5
Kepler-55,K5
Kepler-55,K5
Kepler-55,K5
Kepler-55,K5
Kepler-550,
Kepler-551,M1V
Kepler-552,F9
Kepler-553,G9
Kepler-553,G9
Kepler-554,
Kepler-555,
Kepler-556,
Kepler-557,G0
Kepler-558,
Kepler-559,
Kepler-56,
Kepler-56,
Kepler-56,
Kepler-560,M3V
Kepler-561,
Kepler-561,
Kepler-562,
Kepler-563,
Kepler-564,G3Va
Kepler-565,
Kepler-566,G9
Kepler-567,
Kepler-568,M1V
Kepler-569,
Kepler-57,
Kepler-57,
Kepler-570,G7
Kepler-571,
Kepler-572,K0
Kepler-573,G3
Kepler-574,G7
Kepler-575,
Kepler-576,
Kepler-577,M1V
Kepler-578,G5
Kepler-579,
Kepler-58,
Kepler-58,
Kepler-58,
Kepler-58,
Kepler-580,M0V
Kepler-581,
Kepler-582,
Kepler-583,
Kepler-584,F7
Kepler-585,G7
Kepler-586,K1
Kepler-587,
Kepler-588,
Kepler-589,
Kepler-589,
Kepler-59,
Kepler-59,
Kepler-590,G3
Kepler-591,G6
Kepler-592,
Kepler-593,G3
Kepler-594,G8
Kepler-595,K0
Kepler-595,K0
Kepler-596,
Kepler-597,G5V
Kepler-598,
Kepler-598,
Kepler-599,
Kepler-6,
Kepler-60,G2
Kepler-60,G2
Kepler-60,G2
Kepler-600,
Kepler-601,K1
Kepler-602,G2
Kepler-603,
Kepler-603,
Kepler-603,
Kepler-604,
Kepler-605,G7
Kepler-605,G7
Kepler-606,G1
Kepler-607,K1
Kepler-607,K1
Kepler-608,
Kepler-609,
Kepler-61,K7 V
Kepler-610,
Kepler-610,
Kepler-611,
Kepler-612,
Kepler-613,
Kepler-614,G7
Kepler-615,
Kepler-616,
Kepler-616,
Kepler-616,
Kepler-617,M1 V
Kepler-618,
Kepler-619,G3
Kepler-619,G3
Kepler-619,G3
Kepler-62,K2 V
Kepler-62,K2 V
Kepler-62,K2 V
Kepler-62,K2 V
Kepler-62,K2 V
Kepler-620,F2
Kepler-621,M0V
Kepler-622,M1V
Kepler-623,
Kepler-624,F7IV
Kepler-625,G0
Kepler-625,G0
Kepler-626,F5
Kepler-627,F7
Kepler-629,K0V
Kepler-63,G5
Kepler-630,G0.5V
Kepler-631,F8
Kepler-632,G5
Kepler-633,M0
Kepler-633,M0
Kepler-634,F5V
Kepler-635,F7V
Kepler-636,G9
Kepler-637,F5
Kepler-638,G7
Kepler-639,G1.5V
Kepler-640,G8V
Kepler-641,F9
Kepler-642,
Kepler-643,K1IV
Kepler-644,F0
Kepler-645,F6IV
Kepler-646,G0
Kepler-647,F5
Kepler-647,F5
Kepler-648,G5V
Kepler-649,
Kepler-65,F6IV
Kepler-65,F6IV
Kepler-65,F6IV
Kepler-65,F6IV
Kepler-650,G2V
Kepler-651,G5V
Kepler-652,
Kepler-653,K0IV-V
Kepler-653,K0IV-V
Kepler-654,
Kepler-655,F6V
Kepler-656,K1
Kepler-656,K1
Kepler-657,
Kepler-658,M1V
Kepler-659,
Kepler-66,G0 V
Kepler-660,K3
Kepler-661,
Kepler-662,K3
Kepler-663,
Kepler-664,
Kepler-665,
Kepler-666,
Kepler-667,
Kepler-668,
Kepler-669,
Kepler-67,G9 V
Kepler-670,
Kepler-671,
Kepler-672,G5
Kepler-673,
Kepler-674,M1V
Kepler-675,K3
Kepler-676,M1V
Kepler-677,
Kepler-678,
Kepler-679,
Kepler-68,G1V
Kepler-68,G1V
Kepler-68,G1V
Kepler-68,G1V
Kepler-680,
Kepler-681,
Kepler-682,
Kepler-683,
Kepler-684,
Kepler-685,K0IV
Kepler-686,
Kepler-687,
Kepler-688,
Kepler-689,G5
Kepler-69,G4 V
Kepler-69,G4 V
Kepler-690,
Kepler-691,M1V
Kepler-692,
Kepler-693,
Kepler-694,
Kepler-695,
Kepler-696,
Kepler-697,
Kepler-698,
Kepler-7,G0
Kepler-700,
Kepler-701,
Kepler-702,
Kepler-703,
Kepler-704,
Kepler-705,M2V
Kepler-707,
Kepler-708,
Kepler-709,
Kepler-710,
Kepler-711,
Kepler-712,
Kepler-712,
Kepler-713,
Kepler-714,
Kepler-715,
Kepler-716,
Kepler-716,
Kepler-717,
Kepler-718,
Kepler-719,
Kepler-720,
Kepler-721,K1
Kepler-722,
Kepler-722,
Kepler-723,
Kepler-724,
Kepler-725,
Kepler-725,
Kepler-726,
Kepler-727,
Kepler-728,
Kepler-729,
Kepler-730,
Kepler-730,
Kepler-731,
Kepler-732,M2V
Kepler-732,M2V
Kepler-733,K1
Kepler-734,G4
Kepler-735,
Kepler-736,
Kepler-737,M1V
Kepler-738,G8
Kepler-739,
Kepler-74,F8 V
Kepler-740,K1
Kepler-741,
Kepler-742,
Kepler-743,K0V
Kepler-744,G3
Kepler-745,G0V
Kepler-746,
Kepler-747,
Kepler-748,
Kepler-749,G9
Kepler-75,K0 V
Kepler-750,F8
Kepler-750,F8
Kepler-751,
Kepler-752,
Kepler-753,M0V
Kepler-754,
Kepler-755,K2V
Kepler-755,K2V
Kepler-756,K1
Kepler-757,
Kepler-758,
Kepler-758,
Kepler-758,
Kepler-758,
Kepler-759,G1
Kepler-76,F
Kepler-760,
Kepler-760,
Kepler-761,
Kepler-762,
Kepler-763,
Kepler-763,
Kepler-763,
Kepler-764,
Kepler-765,
Kepler-766,
Kepler-767,G6
Kepler-768,
Kepler-769,
Kepler-769,
Kepler-77,G5 V
Kepler-770,
Kepler-770,
Kepler-770,
Kepler-771,
Kepler-772,G3
Kepler-773,F9
Kepler-774,F5
Kepler-775,G7
Kepler-776,
Kepler-777,M0V
Kepler-778,
Kepler-779,M2V
Kepler-78,G
Kepler-780,G5
Kepler-781,
Kepler-782,G2
Kepler-783,G5
Kepler-783,G5
Kepler-784,G2.5
Kepler-784,G2.5
Kepler-785,M1V
Kepler-786,K3V
Kepler-787,M0V
Kepler-788,
Kepler-789,
Kepler-79,F5
Kepler-79,F5
Kepler-79,F5
Kepler-79,F5
Kepler-790,K1
Kepler-791,F5V
Kepler-792,G3
Kepler-793,
Kepler-794,G0
Kepler-795,
Kepler-796,
Kepler-797,
Kepler-798,G3
Kepler-799,
Kepler-799,
Kepler-8,F6V
Kepler-80,K5
Kepler-80,K5
Kepler-80,K5
Kepler-80,K5
Kepler-80,K5
Kepler-80,K5
Kepler-800,
Kepler-801,M1V
Kepler-802,
Kepler-803,G1V
Kepler-804,G5
Kepler-804,G5
Kepler-805,F8V
Kepler-806,G4V
Kepler-808,K5
Kepler-809,G8
Kepler-81,M0 V
Kepler-81,M0 V
Kepler-81,M0 V
Kepler-810,
Kepler-811,G2V
Kepler-812,F6V
Kepler-813,G3
Kepler-814,
Kepler-815,G5
Kepler-816,K2
Kepler-817,F7
Kepler-818,
Kepler-819,K5II
Kepler-82,
Kepler-82,
Kepler-82,
Kepler-82,
Kepler-82,
Kepler-820,
Kepler-821,K0
Kepler-822,
Kepler-823,
Kepler-824,G1.5IV-V
Kepler-825,
Kepler-825,
Kepler-826,F5
Kepler-827,
Kepler-828,
Kepler-829,G8
Kepler-83,M0 V
Kepler-83,M0 V
Kepler-83,M0 V
Kepler-830,
Kepler-831,G5
Kepler-832,
Kepler-833,M0V
Kepler-834,M1V
Kepler-835,
Kepler-836,
Kepler-837,
Kepler-838,
Kepler-839,G0
Kepler-84,
Kepler-84,
Kepler-84,
Kepler-84,
Kepler-84,
Kepler-841,
Kepler-842,
Kepler-843,
Kepler-844,M0V
Kepler-845,K3
Kepler-846,
Kepler-847,
Kepler-848,G5
Kepler-849,G0V
Kepler-85,
Kepler-85,
Kepler-85,
Kepler-85,
Kepler-850,
Kepler-851,
Kepler-852,F6IV
Kepler-853,F5
Kepler-855,
Kepler-856,
Kepler-857,G5
Kepler-858,G6
Kepler-859,
Kepler-860,
Kepler-861,
Kepler-862,
Kepler-863,
Kepler-864,
Kepler-864,
Kepler-865,
Kepler-865,
Kepler-866,
Kepler-867,G4
Kepler-868,
Kepler-869,
Kepler-87,F9
Kepler-87,F9
Kepler-870,F9
Kepler-871,
Kepler-872,
Kepler-873,
Kepler-874,
Kepler-875,
Kepler-876,
Kepler-877,
Kepler-878,
Kepler-879,G
Kepler-879,G
KOI-142,G6 V
Kepler-880,F3V
Kepler-880,F3V
Kepler-881,G3
Kepler-882,
Kepler-883,F5
Kepler-884,G2V
Kepler-885,F8V
Kepler-886,G5
Kepler-887,
Kepler-887,
Kepler-888,G3V
Kepler-889,
Kepler-890,
Kepler-891,
Kepler-892,
Kepler-893,
Kepler-894,G2
Kepler-895,M0V
Kepler-896,
Kepler-896,
Kepler-897,
Kepler-898,M0V
Kepler-899,
Kepler-9,G2
Kepler-9,G2
Kepler-9,G2
KOI-351,G2
Kepler-900,
Kepler-901,M0V
Kepler-902,
Kepler-903,F9
Kepler-903,F9
Kepler-904,
Kepler-905,G7
Kepler-906,F9V
Kepler-907,F5V
Kepler-908,F9.5V
Kepler-909,G1.5IV-V
Kepler-91,K3
Kepler-910,F7V
Kepler-911,F6IV
Kepler-912,
Kepler-913,
Kepler-913,
Kepler-914,F9
Kepler-915,F8
Kepler-916,K1
Kepler-917,
Kepler-918,G3
Kepler-919,G4
Kepler-92,G0IV
Kepler-92,G0IV
Kepler-92,G0IV
Kepler-920,
Kepler-920,
Kepler-921,G3
Kepler-922,F9
Kepler-923,
Kepler-924,F8
Kepler-925,K5
Kepler-926,F9
Kepler-927,G4
Kepler-928,
Kepler-929,
Kepler-93,G5V
Kepler-93,G5V
Kepler-930,G2
Kepler-931,
Kepler-932,
Kepler-933,
Kepler-934,
Kepler-935,
Kepler-936,K1
Kepler-937,
Kepler-937,
Kepler-938,
Kepler-939,
Kepler-94,M0 V
Kepler-94,M0 V
Kepler-940,
Kepler-941,
Kepler-942,K3V
Kepler-943,
Kepler-944,
Kepler-945,
Kepler-946,
Kepler-947,
Kepler-948,
Kepler-949,G8
Kepler-949,G8
Kepler-95,G5V
Kepler-950,
Kepler-951,K3
Kepler-952,
Kepler-953,G3
Kepler-953,G3
Kepler-954,K3
Kepler-955,
Kepler-956,G2V
Kepler-957,K3
Kepler-958,G5V
Kepler-959,F5V
Kepler-96,G2V
Kepler-960,K4
Kepler-961,
Kepler-962,G5V
Kepler-963,G
Kepler-963,G
Kepler-964,G5
Kepler-965,F6IV
Kepler-966,G3
Kepler-967,G8
Kepler-967,G8
Kepler-968,
Kepler-968,
Kepler-969,K1V
Kepler-969,K1V
Kepler-97,G0V
Kepler-97,G0V
Kepler-970,K5V
Kepler-971,G5
Kepler-972,
Kepler-973,G8
Kepler-974,M1V
Kepler-975,
Kepler-975,
Kepler-976,
Kepler-977,K0
Kepler-978,F6IV
Kepler-979,K1
Kepler-98,G7
Kepler-980,
Kepler-981,G5
Kepler-982,F5
Kepler-983,G2
Kepler-984,G5V
Kepler-985,
Kepler-986,G8
Kepler-987,
Kepler-988,M1V
Kepler-989,
Kepler-99,K4
Kepler-990,G4
Kepler-990,G4
Kepler-991,
Kepler-992,K3V
Kepler-993,M1V
Kepler-994,M0V
Kepler-995,
Kepler-996,G3
Kepler-997,
Kepler-998,
Kepler-999,F6IV
L 168-9,M0.5 V
L 363-38,M3V
L 98-59,M3 V
L 98-59,M3 V
L 98-59,M3 V
L 98-59,M3 V
L 98-59,M3 V
LHS 1140,M4.5 V
LHS 1140,M4.5 V
LHS 1478,m3 V
LHS 1678,M2.0 V
LHS 1678,M2.0 V
LHS 1678,M2.0 V
LHS 1815,M1
LHS 1903,M
LHS 1903,M
LHS 1903,M
LHS 1903,M
LHS 3154,M6.5
LHS 3844,M5
LHS 475,M3.5 V
LP 261-75 A,M4.5 V
LP 714-47,M0.0 V
LP 791-18,M(6.1 +/- 0.7) V
LP 791-18,M(6.1 +/- 0.7) V
LP 791-18,M(6.1 +/- 0.7) V
LP 890-9,M6 V
LP 890-9,M6 V
LSPM J2116+0234,M3.0 V
LTT 1445 A,M3.0
LTT 1445 A,M3.0
LTT 3780,M3.5 V
LTT 3780,M3.5 V
LTT 9779,G7 V
LkCa 15,K5:Ve
LkCa 15,K5:Ve
Luhman 16 A,
Lupus-TR-3,
M62H,
MASCARA-1,A8
MASCARA-4,A7 V
MOA-2007-BLG-192L,
MOA-2007-BLG-400L,
MOA-2008-BLG-310L,
MOA-2008-BLG-379L,K
MOA-2009-BLG-266L,
MOA-2009-BLG-319L,
MOA-2009-BLG-387L,
MOA-2010-BLG-073L,
MOA-2010-BLG-117L,
MOA-2010-BLG-328L,
MOA-2010-BLG-353L,
MOA-2010-BLG-477L,
MOA-2011-BLG-028L,
MOA-2011-BLG-262L,
MOA-2011-BLG-291L,
MOA-2011-BLG-293L,
MOA-2011-BLG-322L,
MOA-2012-BLG-006L,
MOA-2012-BLG-505L,
MOA-2013-BLG-220L,
MOA-2013-BLG-605L,
MOA-2015-BLG-337L,
MOA-2016-BLG-227L,
MOA-2016-BLG-319L,
MOA-2016-BLG-526L,
MOA-2019-BLG-008L,
MOA-2020-BLG-135L,
MOA-2020-BLG-208L,
MOA-2022-BLG-033L,F7 V
MOA-2022-BLG-091L,G8 V
MOA-2022-BLG-249L,
MOA-2022-BLG-563L,
MOA-bin-1L,
MOA-bin-29,
MWC 758,A8Ve
MXB 1658-298,
NGC 2682 Sand 1429,F9.5 V
NGC 2682 Sand 978,K4 III
NGC 2682 YBP 1194,G5 V
NGC 2682 YBP 1514,G5 V
NGC 2682 YBP 401,F9 V
NGTS-1,M0.5
NGTS-10,K5 V
NGTS-11,K
NGTS-12,G
NGTS-13,
NGTS-14 A,K1 V
NGTS-15,G6 V
NGTS-16,G7 V
NGTS-17,G4 V
NGTS-18,G5 V
NGTS-2,F5 V
NGTS-20,G1 IV
NGTS-21,K3 V
NGTS-23,F9 V
NGTS-24,G2 IV
NGTS-25,K0 V
NGTS-26,
NGTS-27,
NGTS-3 A,G6 V
NGTS-30,
NGTS-31,
NGTS-32,
NGTS-33,
NGTS-34,F8 V
NGTS-35,K3.5 V
NGTS-4,
NGTS-5,K2 V
NGTS-6,
NGTS-8,K0 V
NGTS-9,F8 V
NN Ser,WD
NN Ser,WD
NSVS 14256825,sdOB+dM
NY Vir,sdB1VIIHe1
NY Vir,sdB1VIIHe1
OGLE-2003-BLG-235L,K V
OGLE-2005-BLG-071L,
OGLE-2005-BLG-169L,K5
OGLE-2005-BLG-390L,
OGLE-2006-BLG-109L,
OGLE-2006-BLG-109L,
OGLE-2006-BLG-284L A,
OGLE-2007-BLG-349L A,M
OGLE-2007-BLG-368L,GV
OGLE-2008-BLG-092L,
OGLE-2008-BLG-355L,
OGLE-2011-BLG-0173L,
OGLE-2011-BLG-0251L,M
OGLE-2011-BLG-0265L,
OGLE-2012-BLG-0026L,G5 V
OGLE-2012-BLG-0026L,G5 V
OGLE-2012-BLG-0358L,
OGLE-2012-BLG-0406L,
OGLE-2012-BLG-0563L,
OGLE-2012-BLG-0724L,M V
OGLE-2012-BLG-0838L,
OGLE-2012-BLG-0950L,M V
OGLE-2013-BLG-0102L,
OGLE-2013-BLG-0132L,
OGLE-2013-BLG-0341L B,
OGLE-2013-BLG-0911L,
OGLE-2013-BLG-1721L,
OGLE-2013-BLG-1761L,
OGLE-2014-BLG-0124L,
OGLE-2014-BLG-0221L,
OGLE-2014-BLG-0319L,M
OGLE-2014-BLG-0676L,
OGLE-2014-BLG-1722L,
OGLE-2014-BLG-1722L,
OGLE-2014-BLG-1760L,
OGLE-2015-BLG-0051L,
OGLE-2015-BLG-0954L,
OGLE-2015-BLG-0966L,
OGLE-2015-BLG-1609L,
OGLE-2015-BLG-1649L,
OGLE-2015-BLG-1670L,
OGLE-2015-BLG-1771L,
OGLE-2016-BLG-0007L,
OGLE-2016-BLG-0263L,
OGLE-2016-BLG-0613L AB,
OGLE-2016-BLG-1067L,
OGLE-2016-BLG-1093L,
OGLE-2016-BLG-1190L,
OGLE-2016-BLG-1195L,
OGLE-2016-BLG-1227L,
OGLE-2016-BLG-1266L,
OGLE-2016-BLG-1598L,
OGLE-2016-BLG-1800L,
OGLE-2017-BLG-0173L,
OGLE-2017-BLG-0364L,
OGLE-2017-BLG-0373L,
OGLE-2017-BLG-0406L,
OGLE-2017-BLG-0448L,
OGLE-2017-BLG-0482L,
OGLE-2017-BLG-0604L,
OGLE-2017-BLG-0640L,
OGLE-2017-BLG-1049L,
OGLE-2017-BLG-1099L,
OGLE-2017-BLG-1140L,
OGLE-2017-BLG-1237L,
OGLE-2017-BLG-1275L,
OGLE-2017-BLG-1375L,
OGLE-2017-BLG-1434L,
OGLE-2017-BLG-1522L,
OGLE-2017-BLG-1691L,
OGLE-2017-BLG-1806L,
OGLE-2018-BLG-0298L,
OGLE-2018-BLG-0383L,
OGLE-2018-BLG-0506L,
OGLE-2018-BLG-0516L,
OGLE-2018-BLG-0532L,
OGLE-2018-BLG-0567L,
OGLE-2018-BLG-0596L,
OGLE-2018-BLG-0677L,
OGLE-2018-BLG-0740L,G V
OGLE-2018-BLG-0799L,
OGLE-2018-BLG-0932L,
OGLE-2018-BLG-0962L,
OGLE-2018-BLG-0977L,
OGLE-2018-BLG-1011L,
OGLE-2018-BLG-1011L,
OGLE-2018-BLG-1119L,
OGLE-2018-BLG-1126L,
OGLE-2018-BLG-1185L,
OGLE-2018-BLG-1212L,
OGLE-2018-BLG-1269L,
OGLE-2018-BLG-1367L,
OGLE-2018-BLG-1428L,
OGLE-2018-BLG-1647L,
OGLE-2018-BLG-1700L,
OGLE-2019-BLG-0249L,
OGLE-2019-BLG-0299L,
OGLE-2019-BLG-0304L,
OGLE-2019-BLG-0362L,
OGLE-2019-BLG-0468L,G
OGLE-2019-BLG-0468L,G
OGLE-2019-BLG-0679L,
OGLE-2019-BLG-0954L,
OGLE-2019-BLG-0960L,
OGLE-2019-BLG-1053L,
OGLE-2019-BLG-1180L,
OGLE-2019-BLG-1470L A,
OGLE-2019-BLG-1492L,
OGLE-2023-BLG-0836L,
OGLE-TR-10,G2 V
OGLE-TR-111,K2 V
OGLE-TR-113,K4 V
OGLE-TR-132,F5 V
OGLE-TR-182,
OGLE-TR-211,
OGLE-TR-56,F8 V
OGLE2-TR-L9,F3
Oph 11,M9
PDS 70,K7
PDS 70,K7
PH1,F
PH2,G3
POTS-1,K5 V
PSR B0329+54,
PSR B1257+12,
PSR B1257+12,
PSR B1257+12,
PSR B1620-26,
PSR J1719-1438,
PSR J2322-2650,
PZ Tel,G9 IV
Pr0201,
Pr0211,
Pr0211,
Proxima Cen,M5.5 V
Proxima Cen,M5.5 V
Qatar-1,
Qatar-10,F7 V
Qatar-2,
Qatar-3,G0 V
Qatar-4,K1 V
Qatar-5,G2 V
Qatar-6,K2 V
Qatar-7,F4 V
Qatar-8,G0 V
Qatar-9,K5 V
ROXs 12,M0
ROXs 42 B,M0
RR Cae,M
Ross 128,M4
Ross 176,K7 V
Ross 458,M2
Ross 508,M4.5 V
SPECULOOS-3,M6.5+/-0.5
SR 12 AB,
SWEEPS-11,
SWEEPS-4,
TAP 26,K7e
TCP J05074264+2447555,F5
TIC 139270665,G2
TIC 139270665,G2
TIC 172900988 Aa,F9
TIC 237913194,G3
TIC 241249530,
TIC 257060897,F
TIC 279401253,
TIC 279401253,
TIC 365102760,
TIC 393818343,G0
TIC 434398831,G4 V
TIC 434398831,G4 V
TIC 46432937,
TIC 4672985,
TIC 88785435,K7 V
TOI-1011,G8V
TOI-1052,G0V
TOI-1052,G0V
TOI-1054,G0V
TOI-1062,G9 V
TOI-1062,G9 V
TOI-1064,
TOI-1064,
TOI-1075,K9 V/M0 V
TOI-1107,F6 V
TOI-1117,G5 V
TOI-1117,G5 V
TOI-1117,G5 V
TOI-1130,K6-K7
TOI-1130,K6-K7
TOI-1135,G0
TOI-1136,G5
TOI-1136,G5
TOI-1136,G5
TOI-1136,G5
TOI-1136,G5
TOI-1136,G5
TOI-1173,G9
TOI-1174,
TOI-1180,
TOI-1181,F9 IV
TOI-1184,
TOI-1194,
TOI-1199,
TOI-1201,M2.0 V
TOI-1203,G3 V
TOI-1203,G3 V
TOI-1203,G3 V
TOI-1203,G3 V
TOI-122,M3 V
TOI-1221,
TOI-1224,
TOI-1224,
TOI-1227,M4.5V-M5V
TOI-1230,G0
TOI-1231,M3 V
HD 108236,G3 V
TOI-1235,M0.5 V
TOI-1238,K7/M0
TOI-1238,K7/M0
TOI-1243,M2.0 V
TOI-1244,
TOI-1246,K V
TOI-1246,K V
TOI-1246,K V
TOI-1246,K V
TOI-1248,
TOI-1249,
TOI-125,K0 V
TOI-125,K0 V
TOI-125,K0 V
TOI-1259 A,
TOI-1260,K6 V
TOI-1260,K6 V
TOI-1260,K6 V
TOI-1266,M2
TOI-1266,M2
TOI-1266,M2
TOI-1268,K1-K2
TOI-1269,
TOI-1272,K1
TOI-1272,K1
TOI-1273,
TOI-1278,M0 V
TOI-1279,
TOI-128,G2V
TOI-1288,G V
TOI-1288,G V
TOI-1294,
TOI-1294,
TOI-1295,F
TOI-1296,
TOI-1298,
TOI-1301,
TOI-132,G8 V
TOI-1333,
TOI-1338 A,F8
TOI-1338 A,F8
TOI-1346,
TOI-1346,
TOI-1347,
TOI-1347,
TOI-1386,G5V
TOI-1386,G5V
TOI-139,K5V
TOI-1408,F8 V
TOI-1408,F8 V
TOI-1410,
TOI-1410,
TOI-1411,K6V
TOI-1416,G9 V
TOI-1420,
TOI-1422,G2 V
TOI-1422,G2 V
TOI-1431,Am C
TOI-1437,G5
TOI-1438,K0 V
TOI-1438,K0 V
TOI-1439,
TOI-1442,dM4.0
TOI-1443,
TOI-1444,G
TOI-1448,M3V
TOI-1450 A,M3.0 V
TOI-1450 A,M3.0 V
TOI-1451,G5
TOI-1452,M4 +/- 0.5 V
TOI-1453,
TOI-1453,
TOI-1467,M2V
TOI-1468,M3.0 V
TOI-1468,M3.0 V
TOI-1470,M1.5 V
TOI-1470,M1.5 V
TOI-1472,
TOI-1472,
TOI-1478,
TOI-150,F
TOI-1516,F8 V
TOI-1518,F0
TOI-157,G9 IV
TOI-1601,G3
TOI-163,F
TOI-1630,G5
TOI-1634,M2
TOI-1634,M2
TOI-1648,
TOI-1659,G5
TOI-1669,G5
TOI-1669,G5
TOI-1670,F7 V
TOI-1670,F7 V
TOI-1680,M4.5+/-0.5
TOI-1683,K0
TOI-1685,M3 V
TOI-169,G1 V
TOI-1691,G8
TOI-1693,M2.5V
TOI-1694,
TOI-1694,
TOI-1695,M1 V
TOI-1696,M5V
TOI-1710,G5 V
TOI-1716,G5
TOI-172,
TOI-1723,G5
TOI-1728,M0
TOI-1736,G5
TOI-1736,G5
TOI-1739,
TOI-1742,K0
TOI-1743,M4 V
TOI-1744,F8
TOI-1749,M0 V
TOI-1749,M0 V
TOI-1749,M0 V
TOI-1751,G0
TOI-1753,
TOI-1758,
TOI-1759,M0.0 V
TOI-1768,G1
TOI-1772,G4
TOI-1774,G4
TOI-1775,
TOI-1776,G4V
TOI-1777,G5
TOI-178,K
TOI-178,K
TOI-178,K
TOI-178,K
TOI-178,K
TOI-178,K
TOI-1782,
TOI-1782,
TOI-1789,F
TOI-1794,G7
TOI-1798,
TOI-1798,
TOI-1799,F8
TOI-1801,M0.5+/-0.5 V
TOI-1803,K0
TOI-1803,K0
TOI-1806,M3.0
TOI-1807,K8V
TOI-181,K
TOI-1811,
TOI-1820,
TOI-1823,G
TOI-1824,F8
TOI-1836,K0
TOI-1836,K0
TOI-1842,G1
TOI-1846,
TOI-1853,K2.5 V
TOI-1855,
TOI-1859,
TOI-1860,G V
TOI-1883,M
TOI-1898,F5
TOI-1899,M0
TOI-1937 A,
TOI-198,M0 V
TOI-199,G9 V
TOI-199,G9 V
TOI-1994,A5
TOI-2000,
TOI-2000,
TOI-2005,
TOI-201,F6 V
TOI-201,F6 V
TOI-2010,F0
TOI-2015,M4 +/- 0.5
TOI-2015,M4 +/- 0.5
TOI-2018,K V
TOI-2019,
TOI-2025,
TOI-2031 A,
TOI-2046,F8 V
TOI-2048,G V
TOI-206,
TOI-2068,
TOI-2076,K
TOI-2076,K
TOI-2076,K
TOI-2076,K
TOI-2081,M1.0
TOI-2084,M2+/-0.5
TOI-2088,
TOI-2093,K5 V
TOI-2093,K5 V
TOI-2094,M3 V
TOI-2095,M2.5 V
TOI-2095,M2.5 V
TOI-2096,M4
TOI-2096,M4
TOI-2107,
TOI-2109,F
TOI-2120,M4.5V
TOI-2128,F8
TOI-2133,
TOI-2134,K5 V
TOI-2134,K5 V
TOI-2136,M4.5 V
TOI-2141,G5
TOI-2141,G5
TOI-2141,G5
TOI-2145,F8
TOI-2152,F4 V
TOI-2154,
TOI-2158,G5
TOI-216,
TOI-216,
TOI-2169 A,
TOI-2180,G5
TOI-2184,
TOI-2193 A,
TOI-2194,K3.5Vk:
TOI-2196,G V
TOI-220,K0 V
TOI-2202,K8 V
TOI-2202,K8 V
TOI-2207,
TOI-2211,K0V
TOI-2236,
TOI-2257,M3
TOI-2260,G V
TOI-2266,M5.0+0.5-0.5
TOI-2267 A,M5 V
TOI-2267 A,M5 V
TOI-2267 B,M6 V
TOI-2274,M
TOI-2285,M2V
TOI-2295,
TOI-2295,
TOI-2322,K4
TOI-2322,K4
TOI-2328,
TOI-2337,
TOI-2338,
TOI-2345,K
TOI-2345,K
TOI-2346,
TOI-2364,
TOI-2368,
TOI-237,M4.5 V
TOI-2373,
TOI-2374,
TOI-2379,
TOI-238,K2 V
TOI-238,K2V
TOI-2382,
TOI-2384,
TOI-2406,M4 V
TOI-2407,
TOI-2411,K5V
TOI-2416,
TOI-2420,
TOI-2421,
TOI-2427,K7V
TOI-244,M2.5 V
TOI-2443,K5 V
TOI-2445,M3
TOI-2447,
TOI-2449,G
TOI-2458,F9-F9.5
TOI-2458,F9-F9.5
TOI-2459,K7V
TOI-2485,
TOI-2497,G0
TOI-2498,
TOI-251,K0
TOI-2524,
TOI-2525,K8 V
TOI-2525,K8 V
TOI-2529,
TOI-2537,
TOI-2537,
TOI-2545,G3V
TOI-2567,
TOI-257,F8/G0V
TOI-2570,
TOI-2580,F
TOI-2583 A,
TOI-2587 A,
TOI-2589,
TOI-260,K8 V
TOI-261,F8/G0V
TOI-261,F8/G0V
TOI-262,K0 V
TOI-2641,F9 V
TOI-2669,
TOI-269,M2 V
TOI-270,M
TOI-270,M
TOI-270,M3 V
TOI-2714,
TOI-2719,
TOI-2768,M
TOI-277,M0:
TOI-2796,
TOI-2803 A,
TOI-2818,
TOI-283,K
TOI-2842,
TOI-286,K3 V
TOI-286,K3 V
TOI-2876,
TOI-2886,
TOI-2969,K3 V
TOI-2977,
TOI-2981,
TOI-2986,
TOI-2989,K4 V
TOI-2992,
TOI-3023,
TOI-3071,
TOI-3082,
TOI-3135,
TOI-3160 A,
TOI-3235,M V
TOI-3261,K1.5+/-1
TOI-3288,K9 V
TOI-329,
TOI-332,K0 V
TOI-3321,
TOI-333,
TOI-3331 A,
TOI-3353,F8/G2
TOI-3362,G5
TOI-3364,
TOI-3464,
TOI-3474,
TOI-3486,
TOI-3493,G1/2 V
TOI-3523 A,
TOI-3540 A,
TOI-3568,
TOI-3593,
TOI-3629,M1
TOI-3682,
TOI-3688 A,
TOI-3693,
TOI-3714,M2
TOI-375,
TOI-375,
TOI-375,
TOI-3757,M0 V
TOI-3785,M2 V
TOI-3807,
TOI-3819,
TOI-3837,
TOI-3856,
TOI-3877,
TOI-3884,M4
TOI-3894,
TOI-3912,
TOI-3919,
TOI-3976 A,
TOI-3980,
TOI-3984 A,M4+/-0.5
TOI-4010,K V
TOI-4010,K V
TOI-4010,K V
TOI-4010,K V
TOI-406,M3
TOI-406,M3
TOI-4087,
HD 22946,F7/F8V
HD 22946,F7/F8V
TOI-4127,F V
TOI-4137,
TOI-4145 A,
TOI-4153,
TOI-4155,
TOI-4184,M5.5+/-0.5
TOI-4201,M1.0+/-0.5
TOI-421,G9 V
TOI-421,G9 V
TOI-4214,
TOI-4308,
TOI-431,K3+Vk:
TOI-431,K3+Vk:
TOI-431,K3+Vk:
TOI-4329,
TOI-4336 A,M3.5 V
TOI-4336 A,M3.5 V
TOI-4342,M0 V
TOI-4342,M0 V
TOI-4364,M4 V
TOI-4377,
TOI-4379,
TOI-4406,
TOI-4438,M3.5 V
TOI-444,K1/2 V
TOI-4443,G0
TOI-4463 A,
TOI-4465,G V
TOI-4479,M3.0
TOI-4487 A,
TOI-4495,F8
TOI-4495,F8
TOI-4504,K1 V
TOI-4504,K1 V
TOI-4504,K1 V
TOI-4507,F
TOI-451,
TOI-451,
TOI-451,
TOI-4515,G8/G9
TOI-4527,M2V:
TOI-4529,M1.5 V
TOI-4551,K2III
TOI-4559,
TOI-4562,F7 V
TOI-4562,F7 V
TOI-4582,
TOI-4600,K V
TOI-4600,K V
TOI-4602,G5
TOI-4603,F
TOI-4633,G V
TOI-4638,
TOI-4641,F0
TOI-4666,M2.5 V
TOI-469,K0V
TOI-470,G
TOI-4734,
TOI-4773,
TOI-4791,
TOI-4794,
TOI-480,F8/G0V
TOI-481,G
TOI-4860,M3.5 V
TOI-4914,
TOI-4940,G8 V
TOI-4961,
TOI-4994,
TOI-500,K6 V
TOI-500,K6 V
TOI-500,K6 V
TOI-500,K6 V
TOI-5005,G2 V
TOI-5027,
TOI-5076,K2 V
TOI-5082,G0V
TOI-5108,G5
TOI-5110,G0
TOI-512,K0
TOI-5126,F V
TOI-5126,F V
TOI-5143,K V
TOI-5153,F8 V
TOI-5174,
TOI-5181 A,
TOI-519,M V
TOI-5205,M4.0
TOI-521,M3
TOI-5210,
TOI-5218,
TOI-5232,
TOI-5238,
TOI-5261,
TOI-5293 A,M3+/-1
TOI-530,M0.5 V
TOI-5300,K4 V
TOI-5301,
TOI-5319,M
TOI-532,M0V
TOI-5322,
TOI-5340,
TOI-5344,
TOI-5349,M1+/-0.5
TOI-5350,
TOI-5386 A,
TOI-5388,M3.0 V
TOI-5398,G V
TOI-5398,G V
TOI-540,M V
TOI-5422,
TOI-544,K7V
TOI-544,K7V
TOI-5489,M2
TOI-5489,M2
TOI-5542,G3 V
TOI-5573,
TOI-558,F V
TOI-559,G V
TOI-5592,
TOI-561,G9 V
TOI-561,G9 V
TOI-561,G9 V
TOI-561,G9 V
TOI-5616,
TOI-5634 A,
TOI-564,
TOI-5678,G7 V
TOI-5688 A,
TOI-5704,K5
TOI-5713,M3.5+/-0.5
TOI-5716,M3.9
TOI-5720,M3.5 +/- 1.0
TOI-5726,G0
TOI-5728,
TOI-5734,K3-K4 V
TOI-5736,M0e
TOI-5786,F8V
TOI-5788,
TOI-5788,
TOI-5789,K1 V
TOI-5789,K1 V
TOI-5789,K1 V
TOI-5789,K1 V
TOI-5795,G3 V
TOI-5799,M2 V
TOI-5799,M2 V
TOI-5800,K3 V
TOI-5803,
TOI-5817,G2 IV-V
TOI-5882,
TOI-5938,
TOI-6000,
TOI-6002,M3.5+/-0.5
TOI-6008,M5.0
TOI-6016,F
TOI-6029,
TOI-6034,
TOI-6038 A,
TOI-6041,G7
TOI-6041,G7
TOI-6054,G0
TOI-6054,G0
TOI-6086,M3.0
TOI-6109,G3
TOI-6109,G3
TOI-6130,F
TOI-615,F2 V
TOI-620,M2.5 V
TOI-622,F6 V
TOI-6223,M0 V
TOI-6255,M3.0V
TOI-628,G0
TOI-6303,
TOI-6324,dM4.0
TOI-6330,
TOI-6383 A,M3
TOI-640,
TOI-6420,
TOI-6448,
TOI-6478,M4.0+/-0.5
TOI-654,M2 V
TOI-6628,
TOI-663,M1 V
TOI-663,M1 V
TOI-663,M1 V
TOI-6651,
TOI-669,G4
TOI-6692,
TOI-6695,F5V-G0V
TOI-6695,F5V-G0V
TOI-6716,M4
TOI-672,
TOI-674,M2 V
TOI-677,F8
TOI-682,K0/1III
TOI-6894,
TOI-700,M2.5 V
TOI-700,M2.5 V
TOI-700,M2.5 V
TOI-700,M2.5 V
TOI-7009,
TOI-7041,
TOI-712,K4.5 V
TOI-712,K4.5 V
TOI-712,K4.5 V
TOI-7149,M4 V
TOI-715,M4
TOI-7166,M4.5+/-0.5
TOI-733,G
TOI-7384,M4
TOI-7510,G3
TOI-7510,G3
TOI-7510,G3
TOI-756,M1 V
TOI-756,M1 V
TOI-757,K0 V
TOI-762 A,
TOI-763,G
TOI-763,G
TOI-771,M3
TOI-771,M3
TOI-776,M1 V
TOI-776,M1 V
TOI-778,F3 V
TOI-782,
HD 307842,G
TOI-813,G0 IV
TOI-815,K3 V
TOI-815,K3 V
TOI-824,K4 V
TOI-833,M0V
TOI-836,K V
TOI-836,K V
TOI-837,F9/G0
TOI-849,G
TOI-858 B,G0
TOI-871,
TOI-880,K
TOI-880,K
TOI-892,F
TOI-904,
TOI-904,
TOI-905,
TOI-907,
TOI-908,G V
TOI-912,M3
TOI-913,
TOI-942,K2.5 V
TOI-942,K2.5 V
TOI-954,
TOI-969,K V
TOI-969,K V
TRAPPIST-1,M8.0 V
TRAPPIST-1,M8.0 V
TRAPPIST-1,M8.0 V
TRAPPIST-1,M8.0 V
TRAPPIST-1,M8.0 V
TRAPPIST-1,M8.0 V
TRAPPIST-1,M8.0 V
TYC 0434-04538-1,
TYC 1422-614-1,G5
TYC 1422-614-1,G5
TYC 2187-512-1,M1.0 V
TYC 3318-01333-1,
TYC 3667-1280-1,
TYC 4282-00605-1,G/K
TYC 8998-760-1,K3 IV
TYC 8998-760-1,K3 IV
Teegarden's Star,M7.0 V
Teegarden's Star,M7.0 V
Teegarden's Star,M7.0 V
TrES-1,K0 V
TrES-2,G0 V
TrES-3,G4 V
TrES-4,F8 V
TrES-5,
UCAC3 113-933,M0
UCAC4 328-061594,DC
UKIRT-2017-BLG-001L,
USco CTIO 108,M7
USco1556 A,M3.0 V
USco1621 A,M2.5 V
UZ For,M4.5
UZ For,M4.5
V0391 Peg,sdBV
V1298 Tau,K1
V1298 Tau,K1
V1298 Tau,K1
V1298 Tau,K1
V2376 Ori,M
V830 Tau,M0-1
VHS J125601.92-125723.9,M7.5
WASP-1,F7 V
WASP-10,K5 V
WASP-100,F2
WASP-101,F6
WASP-102,
WASP-103,F8 V
WASP-104,G8
WASP-105,K2
WASP-106,F9 D
WASP-107,K6
WASP-107,K6
WASP-108,F9
WASP-11,K3 V
WASP-110,G9
WASP-113,G1
WASP-114,G0
WASP-116,
WASP-117,F9
WASP-118,F6
WASP-119,G5
WASP-12,G0V
WASP-120,F5
WASP-121,F6 V
WASP-123,G5
WASP-124,F9
WASP-126,G2
WASP-126,G2
WASP-127,G5
WASP-129,G1
WASP-13,G1V
WASP-130,G6
WASP-131,G0
WASP-132,K4 V
WASP-132,K4 V
WASP-132,K4 V
WASP-133,G4
WASP-135,G5 V
WASP-136,F
WASP-138,F9
WASP-139,K0
WASP-14,F5V
WASP-140,K0
WASP-141,F9
WASP-142,F8
WASP-144,K2 V
WASP-145 A,K2 V
WASP-147,G4
WASP-148,G
WASP-148,G
WASP-149,
WASP-15,F7
WASP-150,F8
WASP-151,G1
WASP-153,G0
WASP-154,
WASP-155,
WASP-156,K3
WASP-157,G2 V
WASP-158,F6 V
WASP-159,F9
WASP-16,G3V
WASP-160 B,K0 V
WASP-161,F6
WASP-162,K0
WASP-163,G8
WASP-164,G2 V
WASP-165,G6
WASP-166,F9 V
WASP-167,F1 V
WASP-168,F9 V
WASP-169,F8
WASP-17,F4
WASP-170,G1
WASP-171,G0
WASP-172,F1 V
WASP-173 A,G3
WASP-174,F6 V
WASP-175,F7
WASP-176,F9
WASP-177,K2
WASP-178,A1 IV-V
WASP-18,F6 IV-V
WASP-18,F6 IV-V
WASP-180 A,F7 V
WASP-181,G2
WASP-182,G5
WASP-183,G9
WASP-184,G0 V
WASP-185,G0 V
WASP-186,F
WASP-187,F
WASP-188,
WASP-189,A4/5IV/V
WASP-19,G8 V
WASP-190,F6 IV-V
WASP-192,G0 V
WASP-193,F9
WASP-194,
WASP-195,
WASP-197,
WASP-2,K1
WASP-20,F9
WASP-21,G3 V
WASP-22,G1 V
WASP-23,
WASP-24,F8-9
WASP-25,G4
WASP-26,G0
WASP-28,F8
WASP-29,K4V
WASP-3,F7V
WASP-31,F:
WASP-32,
WASP-33,A
WASP-34,
WASP-35,
WASP-36,G2
WASP-37,G2V
WASP-38,F8 V
WASP-39,
WASP-4,G8
WASP-41,G8V
WASP-41,G8V
WASP-42,
WASP-43,K7 V
WASP-44,G8 V
WASP-45,K2 V
WASP-46,G6 V
WASP-47,G9
WASP-47,G9
WASP-47,G9
WASP-47,G9
WASP-48,
WASP-49,G6 V
WASP-5,G5
WASP-50,G9V
WASP-52,K2 V
WASP-53,
WASP-53,
WASP-54,F9
WASP-55,G1
WASP-56,G6
WASP-57,G6
WASP-58,G2 V
WASP-59,K5 V
WASP-6,G8V
WASP-60,G1 V
WASP-61,F7
WASP-62,
WASP-63,G8
WASP-64,G7
WASP-65,G6
WASP-66,F4
WASP-67,K0V
WASP-68,G0
WASP-69,K
WASP-7,F5V
WASP-70 A,G4
WASP-71,F8
WASP-72,F7
WASP-73,F9
WASP-74,F9
WASP-75,F9
WASP-76,F7
WASP-77 A,G8 V
WASP-78,F8
WASP-79,F5
WASP-8,G8 V
WASP-8,G8 V
WASP-80,K7-M0 V
WASP-81,
WASP-82,F5
WASP-83,G8
WASP-84,K0
WASP-84,K0
WASP-85 A,G5 V
WASP-87,
WASP-88,F6
WASP-89,K3
WASP-90,F6
WASP-91,K3
WASP-92,F7
WASP-93,F4
WASP-94 A,F8
WASP-94 B,F9
WASP-95,G2
WASP-96,G8
WASP-97,G5
WASP-98,G7
WASP-99,F8
WD 0806-661,DQ
WD 1856+534,DC
WISE J033605.05-014350.4,Y0
WISEP J121756.91+162640.2 A,T8.5
WISPIT 1,K4 V
WISPIT 1,K4 V
WISPIT 2,
WTS-1,F6 V
WTS-2,K2 V
Wendelstein-1,K7 V
Wendelstein-2,K6 V
Wolf 1061,M3.5
Wolf 1061,M3.5
Wolf 1061,M3.5
Wolf 1069,M5.0 V
Wolf 327,M2.5 V
Wolf 503,K3.5 V
XO-1,G1 V
XO-2 N,K0 V
XO-2 S,G9V
XO-2 S,G9V
XO-3,F5V
XO-4,F5 V
XO-5,G8 V
XO-6,F5
XO-7,G0 V
YZ Cet,M4.5 V
YZ Cet,M4.5 V
YZ Cet,M4.5 V
ZTF J1230-2655,
ZTF J1828+2308,
alf Ari,K2III
alf Tau,K5 III
b Cen A,B2.5 V
bet Cnc,K4 III
bet Pic,A5V
bet Pic,A5V
bet UMi,K4 III
eps CrB,K2 III
eps Eri,K2 V
eps Ind A,K5 V
eps Tau,K0 III
gam Cep,K1 III-IV
gam Lib,K0 III
gam Lib,K0 III
gam Psc,G7 III
gam1 Leo,K1 IIIb Fe-0.5
iot Dra,K2 III
iot Dra,K2 III
kap And,B9 IV
kap CrB,K0 III-IV
mu Leo,K2 III
mu2 Sco,B2 IV
nu Oct A,K1 IV
nu Oph,K0 III
nu Oph,K0 III
ome Ser,G8 III
omi CrB,K0 III
omi UMa,G4 II-III
HD 39091,G0 V
HD 39091,G0 V
psi1 Dra B,G0 V
rho CrB,G0 V
rho CrB,G0 V
rho CrB,G0 V
rho CrB,G0 V
tau Boo,F7 V
tau Cet,G8.5V
tau Cet,G8.5V
tau Cet,G8.5V
tau Cet,G8.5V
tau Gem,K2 III
ups And,F8 V
ups And,F8 V
ups And,F8 V
ups Leo,G9 III
xi Aql,K0 III
